rule_id,pms,adults,children,room_type,pms_room_type,offer_order,special_request,channel
147,OP,1,2,FAM,FMQUAD,1,QUAD,PI
151,OP,1,2,FAM,FMFOUR,3,QUAD,PI
155,OP,1,2,FAM,DBLDBL,2,QUAD,PI
157,OP,1,2,FAM,FMBUNK,4,QUAD,PI
161,OP,1,2,FAM,PFAMIL,101,QUAD,PI
400,OP,1,2,FAM,FMQUAD,1,QUAD,CCUI
404,OP,1,2,FAM,FMFOUR,3,QUAD,CCUI
408,OP,1,2,FAM,DBLDBL,2,QUAD,CCUI
410,OP,1,2,FAM,FMBUNK,4,QUAD,CCUI
414,OP,1,2,FAM,PFAMIL,101,QUAD,CCUI
642,OP,1,2,FAM,FMQUAD,1,QUAD,BB
646,OP,1,2,FAM,FMFOUR,3,QUAD,BB
650,OP,1,2,FAM,DBLDBL,2,QUAD,BB
652,OP,1,2,FAM,FMBUNK,4,QUAD,BB
656,OP,1,2,FAM,PFAMIL,101,QUAD,BB
845,OP,1,2,FAM,FMQUAD,1,QUAD,DISTR
849,OP,1,2,FAM,FMFOUR,3,QUAD,DISTR
853,OP,1,2,FAM,DBLDBL,2,QUAD,DISTR
855,OP,1,2,FAM,FMBUNK,4,QUAD,DISTR
859,OP,1,2,FAM,PFAMIL,101,QUAD,DISTR
