rule_id,enable_timestamp,disable_timestamp,pms,adults,children,room_type,pms_room_type,offer_order,special_request,accessible_special_request,pkg_code
1,,,OP,2,0,DIS,LOWDBL,1,DBLE,LOWB,
2,,,OP,1,1,DIS,LOWDBL,1,DBLE,LOWB,
3,,,OP,1,0,DIS,ACCSGL,1,SING,WETR,
4,,,OP,1,0,DIS,LOWDBL,2,SING,LOWB,
5,,,OP,2,0,DIS,LOWTWN,2,TWIN,LOWB,
6,,,OP,1,1,DIS,LOWTWN,2,TWIN,LOWB,
7,,,OP,2,0,DIS,WETDBL,3,DBLE,WETR,
8,,,OP,1,1,DIS,WETDBL,3,DBLE,WETR,
9,,,OP,1,0,DIS,LOWTWN,3,SING,LOWB,
10,,,OP,1,0,DIS,WETDBL,4,SING,WETR,
11,,,OP,2,0,DIS,WETTWN,4,TWIN,WETR,
12,,,OP,1,1,DIS,WETTWN,4,TWIN,WETR,
13,,,OP,2,0,DIS,ACCWIN,5,DBLE,WETR,
14,,,OP,1,1,DIS,ACCWIN,5,DBLE,WETR,
15,,,OP,1,0,DIS,WETTWN,5,SING,WETR,
16,,,OP,1,0,DIS,ACCWIN,6,SING,WETR,
17,,,OP,2,0,DIS,ACCNWD,6,DBLE,WETR,
18,,,OP,1,1,DIS,ACCNWD,6,DBLE,WETR,
19,,,OP,1,0,DIS,ACCNWD,7,SING,WETR,
20,,,OP,2,0,DIS,BRFDBL,7,DBLE,BFRE,
21,,,OP,1,1,DIS,BRFDBL,7,DBLE,BFRE,
22,,,OP,1,0,DIS,BRFDBL,8,SING,BFRE,
23,,,OP,2,0,DIS,BRFZPL,8,DBLE,BFRE,
24,,,OP,1,1,DIS,BRFZPL,8,DBLE,BFRE,
25,,,OP,2,0,DIS,BRFTWN,9,TWIN,BFRE,
26,,,OP,1,1,DIS,BRFTWN,9,TWIN,BFRE,
27,,,OP,1,0,DIS,BRFZPL,9,SING,BFRE,
28,,,OP,1,0,DIS,BRFTWN,10,SING,BFRE,
29,,,OP,2,0,DIS,EXDLOW,10,DBLE,LOWB,
30,,,OP,1,1,DIS,EXDLOW,10,DBLE,LOWB,
31,,,OP,1,0,DIS,EXDLOW,11,SING,LOWB,
32,,,OP,2,0,DIS,EXDWET,11,DBLE,WETR,
33,,,OP,1,1,DIS,EXDWET,11,DBLE,WETR,
34,,,OP,1,0,DIS,EXDWET,12,SING,WETR,
35,,,OP,2,0,DIS,PPDLOW,12,DBLE,LOWB,
36,,,OP,1,1,DIS,PPDLOW,12,DBLE,LOWB,
37,,,OP,1,0,DIS,PPDLOW,13,SING,LOWB,
38,,,OP,2,0,DIS,PPDWET,13,DBLE,WETR,
39,,,OP,1,1,DIS,PPDWET,13,DBLE,WETR,
40,,,OP,1,0,DIS,PPDWET,14,SING,WETR,
41,,,OP,2,0,DB,DBLWIN,1,DBLE,,
42,,,OP,2,0,DB,WINCMB,2,DBLE,,
43,,,OP,2,0,DB,NWDCMB,3,DBLE,,
44,,,OP,2,0,DB,WINSPL,4,DBLE,,
45,,,OP,2,0,DB,NWDSPL,5,DBLE,,
46,,,OP,2,0,DB,DOUBLE,6,DBLE,,
47,,,OP,2,0,DB,ZPLDBL,7,DBLE,,
48,,,OP,2,0,DB,FMTHRE,8,DBLE,,
49,,,OP,2,0,DB,FMTRPL,9,DBLE,,
50,,,OP,2,0,DB,FMTRSC,10,DBLE,,
51,,,OP,2,0,DB,FMFOUR,11,DBLE,,
52,,,OP,2,0,DB,DBLDBL,12,DBLE,,
53,,,OP,2,0,DB,FMQUAD,13,DBLE,,
54,,,OP,2,0,DB,FMBUNK,14,DBLE,,
55,,,OP,2,0,DB,DBLNWD,101,DBLE,,
56,,,OP,2,0,DB,EXTDBL,102,DBLE,,
57,,,OP,2,0,DB,EXDZPL,103,DBLE,,
58,,,OP,2,0,DB,PPLDBL,104,DBLE,,
59,,,OP,2,0,DB,PDBZPL,105,DBLE,,
60,,,OP,2,0,DB,PFAMIL,106,DBLE,,
61,,,OP,2,0,DB,LOWDBL,107,DBLE,,
62,,,OP,2,0,DB,WETDBL,108,DBLE,,
63,,,OP,2,0,DB,BRFDBL,109,DBLE,,
64,,,OP,2,0,DB,BRFZPL,110,DBLE,,
65,,,OP,2,0,DB,BIGWIN,111,DBLE,,
66,,,OP,2,0,DB,BIGNWD,112,DBLE,,
67,,,OP,2,0,DB,BIGZPL,113,DBLE,,
68,,,OP,2,0,DB,ACCWIN,114,DBLE,,
69,,,OP,2,0,DB,ACCNWD,115,DBLE,,
70,,,OP,2,0,DB,EXDLOW,116,DBLE,,
71,,,OP,2,0,DB,EXDWET,117,DBLE,,
72,,,OP,2,0,DB,PPDLOW,118,DBLE,,
73,,,OP,2,0,DB,PPDWET,119,DBLE,,
74,,,OP,1,0,DB,DBLWIN,1,SING,,
75,,,OP,1,1,DB,WINCMB,1,TWIN,,
76,,,OP,1,0,DB,WINCMB,2,SING,,
77,,,OP,1,1,DB,NWDCMB,2,TWIN,,
78,,,OP,1,0,DB,NWDCMB,3,SING,,
79,,,OP,1,1,DB,WINSPL,3,TWIN,,
80,,,OP,1,0,DB,WINSPL,4,SING,,
81,,,OP,1,1,DB,NWDSPL,4,TWIN,,
82,,,OP,1,0,DB,NWDSPL,5,SING,,
83,,,OP,1,1,DB,DBLWIN,5,DBLE,,
84,,,OP,1,0,DB,DOUBLE,6,SING,,
85,,,OP,1,1,DB,DOUBLE,6,DBLE,,
86,,,OP,1,0,DB,ZPLDBL,7,SING,,
87,,,OP,1,1,DB,ZPLDBL,7,DBLE,,
88,,,OP,1,0,DB,FMTHRE,8,SING,,
89,,,OP,1,1,DB,FMTHRE,8,DBLE,,
90,,,OP,1,0,DB,FMTRPL,9,SING,,
91,,,OP,1,1,DB,FMTRPL,9,DBLE,,
92,,,OP,1,0,DB,FMTRSC,10,SING,,
93,,,OP,1,1,DB,FMTRSC,10,DBLE,,
94,,,OP,1,0,DB,FMFOUR,11,SING,,
95,,,OP,1,1,DB,FMFOUR,11,DBLE,,
96,,,OP,1,0,DB,DBLDBL,12,SING,,
97,,,OP,1,1,DB,DBLDBL,12,DBLE,,
98,,,OP,1,0,DB,FMQUAD,13,SING,,
99,,,OP,1,1,DB,FMQUAD,13,DBLE,,
100,,,OP,1,0,DB,FMBUNK,14,SING,,
101,,,OP,1,1,DB,FMBUNK,14,DBLE,,
102,,,OP,1,0,DB,DBLNWD,101,SING,,
103,,,OP,1,1,DB,DBLNWD,101,DBLE,,
104,,,OP,1,0,DB,SINGLE,102,SING,,
105,,,OP,1,1,DB,BIGWIN,102,DBLE,,
106,,,OP,1,0,DB,TWINRM,103,SING,,
107,,,OP,1,1,DB,BIGNWD,103,DBLE,,
108,,,OP,1,0,DB,EXTDBL,104,SING,,
109,,,OP,1,1,DB,BIGZPL,104,DBLE,,
110,,,OP,1,0,DB,EXDZPL,105,SING,,
111,,,OP,1,1,DB,EXTDBL,105,DBLE,,
112,,,OP,1,0,DB,PPLDBL,106,SING,,
113,,,OP,1,1,DB,EXDZPL,106,DBLE,,
114,,,OP,1,0,DB,PDBZPL,107,SING,,
115,,,OP,1,1,DB,PPLDBL,107,DBLE,,
116,,,OP,1,0,DB,PFAMIL,108,SING,,
117,,,OP,1,1,DB,PDBZPL,108,DBLE,,
118,,,OP,1,0,DB,ACCSGL,109,SING,,
119,,,OP,1,1,DB,PFAMIL,109,DBLE,,
120,,,OP,1,0,DB,LOWDBL,110,SING,,
121,,,OP,1,1,DB,ACCWIN,110,DBLE,,
122,,,OP,1,0,DB,LOWTWN,111,SING,,
123,,,OP,1,1,DB,ACCNWD,111,DBLE,,
124,,,OP,1,0,DB,BIGWIN,112,SING,,
125,,,OP,1,1,DB,LOWDBL,112,DBLE,,
126,,,OP,1,0,DB,BIGNWD,113,SING,,
127,,,OP,1,1,DB,WETDBL,113,DBLE,,
128,,,OP,1,0,DB,BIGZPL,114,SING,,
129,,,OP,1,1,DB,BRFDBL,114,DBLE,,
130,,,OP,1,0,DB,WETDBL,115,SING,,
131,,,OP,1,1,DB,BRFZPL,115,DBLE,,
132,,,OP,1,0,DB,WETTWN,116,SING,,
133,,,OP,1,1,DB,EXDLOW,116,DBLE,,
134,,,OP,1,0,DB,BRFDBL,117,SING,,
135,,,OP,1,1,DB,EXDWET,117,DBLE,,
136,,,OP,1,0,DB,BRFTWN,118,SING,,
137,,,OP,1,1,DB,PPDLOW,118,DBLE,,
138,,,OP,1,0,DB,BRFZPL,119,SING,,
139,,,OP,1,1,DB,PPDWET,119,DBLE,,
140,,,OP,1,0,DB,ACCWIN,120,SING,,
141,,,OP,1,0,DB,ACCNWD,121,SING,,
142,,,OP,1,0,DB,EXDLOW,122,SING,,
143,,,OP,1,0,DB,EXDWET,123,SING,,
144,,,OP,1,0,DB,PPDLOW,124,SING,,
145,,,OP,1,0,DB,PPDWET,125,SING,,
146,,,OP,2,1,FAM,FMQUAD,5,TRIP,,
147,,,OP,1,2,FAM,FMQUAD,1,TRIP,,
148,,,OP,2,1,FAM,FMTRPL,2,TRIP,,
149,,,OP,1,2,FAM,FMTRPL,103,TRIP,,
150,,,OP,2,1,FAM,FMFOUR,4,TRIP,,
151,,,OP,1,2,FAM,FMFOUR,3,TRIP,,
152,,,OP,2,1,FAM,FMTHRE,1,TRIP,,
153,,,OP,1,2,FAM,FMTHRE,102,TRIP,,
154,,,OP,2,1,FAM,DBLDBL,6,TRIP,,
155,,,OP,1,2,FAM,DBLDBL,2,TRIP,,
156,,,OP,2,1,FAM,FMBUNK,7,TRIP,,
157,,,OP,1,2,FAM,FMBUNK,4,TRIP,,
158,,,OP,2,1,FAM,FMTRSC,3,TRIP,,
159,,,OP,1,2,FAM,FMTRSC,104,TRIP,,
160,,,OP,2,1,FAM,PFAMIL,101,TRIP,,
161,,,OP,1,2,FAM,PFAMIL,101,TRIP,,
162,,,OP,2,2,FAM,FMQUAD,2,QUAD,,
163,,,OP,2,2,FAM,FMFOUR,1,QUAD,,
164,,,OP,2,2,FAM,DBLDBL,3,QUAD,,
165,,,OP,2,2,FAM,FMBUNK,4,QUAD,,
166,,,OP,2,2,FAM,PFAMIL,101,QUAD,,
167,,,OP,1,0,SB,LOWDBL,108,SING,,
168,,,OP,1,0,SB,WETDBL,110,SING,,
169,,,OP,1,0,SB,ACCWIN,118,SING,,
170,,,OP,1,0,SB,ACCNWD,119,SING,,
171,,,OP,1,0,SB,DOUBLE,8,SING,,
172,,,OP,1,0,SB,BIGWIN,115,SING,,
173,,,OP,1,0,SB,BIGNWD,116,SING,,
174,,,OP,1,0,SB,ACCSGL,107,SING,,
175,,,OP,1,0,SB,LOWTWN,109,SING,,
176,,,OP,1,0,SB,WETTWN,111,SING,,
177,,,OP,1,0,SB,WINCMB,2,SING,,
178,,,OP,1,0,SB,NWDCMB,3,SING,,
179,,,OP,1,0,SB,WINSPL,4,SING,,
180,,,OP,1,0,SB,NWDSPL,5,SING,,
181,,,OP,1,0,SB,DBLWIN,1,SING,,
182,,,OP,1,0,SB,DBLNWD,101,SING,,
183,,,OP,1,0,SB,EXTDBL,102,SING,,
184,,,OP,1,0,SB,FMQUAD,15,SING,,
185,,,OP,1,0,SB,PPLDBL,104,SING,,
186,,,OP,1,0,SB,SINGLE,6,SING,,
187,,,OP,1,0,SB,FMTRPL,11,SING,,
188,,,OP,1,0,SB,FMFOUR,13,SING,,
189,,,OP,1,0,SB,FMTHRE,10,SING,,
190,,,OP,1,0,SB,TWINRM,7,SING,,
191,,,OP,1,0,SB,DBLDBL,14,SING,,
192,,,OP,1,0,SB,ZPLDBL,9,SING,,
193,,,OP,1,0,SB,FMBUNK,16,SING,,
194,,,OP,1,0,SB,FMTRSC,12,SING,,
195,,,OP,1,0,SB,BRFDBL,112,SING,,
196,,,OP,1,0,SB,BRFZPL,114,SING,,
197,,,OP,1,0,SB,BRFTWN,113,SING,,
198,,,OP,1,0,SB,PDBZPL,105,SING,,
199,,,OP,1,0,SB,PFAMIL,106,SING,,
200,,,OP,1,0,SB,PPDWET,123,SING,,
201,,,OP,1,0,SB,PPDLOW,122,SING,,
202,,,OP,1,0,SB,EXDZPL,103,SING,,
203,,,OP,1,0,SB,EXDWET,121,SING,,
204,,,OP,1,0,SB,EXDLOW,120,SING,,
205,,,OP,1,0,SB,BIGZPL,117,SING,,
206,,,OP,2,0,TWIN,ACCWIN,108,TWIN,,
207,,,OP,2,0,TWIN,ACCNWD,109,TWIN,,
208,,,OP,2,0,TWIN,LOWTWN,103,TWIN,,
209,,,OP,2,0,TWIN,WETTWN,104,TWIN,,
210,,,OP,2,0,TWIN,WINCMB,1,TWIN,,
211,,,OP,2,0,TWIN,NWDCMB,2,TWIN,,
212,,,OP,2,0,TWIN,WINSPL,3,TWIN,,
213,,,OP,2,0,TWIN,NWDSPL,4,TWIN,,
214,,,OP,2,0,TWIN,FMQUAD,10,TWDS,,
215,,,OP,2,0,TWIN,FMTRPL,8,TWDS,,
216,,,OP,2,0,TWIN,TWINRM,5,TW2S,,HSATWN
217,,,OP,2,0,TWIN,DBLDBL,7,TW2S,,HSATWN
218,,,OP,2,0,TWIN,ZPLDBL,6,TW2S,,HSATWN
219,,,OP,2,0,TWIN,FMBUNK,11,TWDS,,
220,,,OP,2,0,TWIN,FMTRSC,9,TWDS,,
221,,,OP,2,0,TWIN,BRFZPL,106,TW2S,,
222,,,OP,2,0,TWIN,BRFTWN,105,TW2S,,
223,,,OP,2,0,TWIN,PDBZPL,101,TW2S,,HSATWN
224,,,OP,2,0,TWIN,PFAMIL,102,TWDS,,
225,,,OP,2,0,TWIN,EXDZPL,100,TW2S,,HSATWN
226,,,OP,2,0,TWIN,BIGZPL,107,TW2S,,HSATWN
227,,,OP,1,1,TWIN,FMFOUR,13,TWDS,,
228,,,OP,1,1,TWIN,FMTHRE,10,TWDS,,
229,,,OP,1,1,TWIN,FMBUNK,12,TWDS,,
230,,,OP,1,1,TWIN,ACCWIN,108,TWIN,,
231,,,OP,1,1,TWIN,ACCNWD,109,TWIN,,
232,,,OP,1,1,TWIN,LOWTWN,103,TWIN,,
233,,,OP,1,1,TWIN,WETTWN,104,TWIN,,
234,,,OP,1,1,TWIN,WINCMB,1,TWIN,,
235,,,OP,1,1,TWIN,NWDCMB,2,TWIN,,
236,,,OP,1,1,TWIN,WINSPL,3,TWIN,,
237,,,OP,1,1,TWIN,NWDSPL,4,TWIN,,
238,,,OP,1,1,TWIN,FMQUAD,11,TWDS,,
239,,,OP,1,1,TWIN,FMTRPL,8,TWDS,,
240,,,OP,1,1,TWIN,TWINRM,5,TW2S,,HSATWN
241,,,OP,1,1,TWIN,DBLDBL,7,TW2S,,HSATWN
242,,,OP,1,1,TWIN,ZPLDBL,6,TW2S,,HSATWN
243,,,OP,1,1,TWIN,FMTRSC,9,TWDS,,
244,,,OP,1,1,TWIN,BRFZPL,106,TW2S,,
245,,,OP,1,1,TWIN,BRFTWN,105,TW2S,,
246,,,OP,1,1,TWIN,PDBZPL,101,TW2S,,HSATWN
247,,,OP,1,1,TWIN,PFAMIL,102,TWDS,,
248,,,OP,1,1,TWIN,EXDZPL,100,TW2S,,HSATWN
249,,,OP,1,1,TWIN,BIGZPL,107,TW2S,,HSATWN
250,,,OP,1,1,FAM,FMFOUR,13,TWDS,,
251,,,OP,1,1,FAM,FMTHRE,10,TWDS,,
252,,,OP,1,1,FAM,FMBUNK,12,TWDS,,
253,,,OP,1,1,FAM,ACCWIN,108,TWIN,,
254,,,OP,1,1,FAM,ACCNWD,109,TWIN,,
255,,,OP,1,1,FAM,LOWTWN,103,TWIN,,
256,,,OP,1,1,FAM,WETTWN,104,TWIN,,
257,,,OP,1,1,FAM,WINCMB,1,TWIN,,
258,,,OP,1,1,FAM,NWDCMB,2,TWIN,,
259,,,OP,1,1,FAM,WINSPL,3,TWIN,,
260,,,OP,1,1,FAM,NWDSPL,4,TWIN,,
261,,,OP,1,1,FAM,FMQUAD,11,TWDS,,
262,,,OP,1,1,FAM,FMTRPL,8,TWDS,,
263,,,OP,1,1,FAM,TWINRM,5,TW2S,,HSATWN
264,,,OP,1,1,FAM,DBLDBL,7,TW2S,,HSATWN
265,,,OP,1,1,FAM,ZPLDBL,6,TW2S,,HSATWN
266,,,OP,1,1,FAM,FMTRSC,9,TWDS,,
267,,,OP,1,1,FAM,BRFZPL,106,TW2S,,
268,,,OP,1,1,FAM,BRFTWN,105,TW2S,,
269,,,OP,1,1,FAM,PDBZPL,101,TW2S,,HSATWN
270,,,OP,1,1,FAM,PFAMIL,102,TWDS,,
271,,,OP,1,1,FAM,EXDZPL,100,TW2S,,HSATWN
272,,,OP,1,1,FAM,BIGZPL,107,TW2S,,HSATWN