rule_id,pms,adults,children,room_type,pms_room_type,offer_order,special_request,accessible_special_request,pkg_code,channel
2101,OP,1,0,ZL,ACCNWD,90,"SING","WETR","",CCUI
2102,OP,1,0,ZL,ACCNWD,90,"SING","WETR","",DISTR
2103,OP,1,0,ZL,ACCNWD,90,"SING","WETR","",BB
2104,OP,1,0,ZL,ACCNWD,90,"SING","WETR","",PI
2105,OP,1,0,DB,DBLNWD,90,"SING","","",CCUI
2106,OP,1,0,DB,DBLNWD,90,"SING","","",DISTR
2107,OP,1,0,DB,DBLNWD,90,"SING","","",BB
2108,OP,1,0,DB,DBLNWD,90,"SING","","",PI
2109,OP,1,0,DB,BIGNWD,95,"SING","","",CCUI
2110,OP,1,0,DB,BIGNWD,95,"SING","","",DISTR
2111,OP,1,0,DB,BIGNWD,95,"SING","","",BB
2112,OP,1,0,DB,BIGNWD,95,"SING","","",PI
2113,OP,1,0,ZL,ACCNWD,125,"SING","","",CCUI
2114,OP,1,0,ZL,ACCNWD,125,"SING","","",DISTR
2115,OP,1,0,ZL,ACCNWD,125,"SING","","",BB
2116,OP,1,0,ZL,ACCNWD,125,"SING","","",PI
2117,OP,1,0,DB,DBLNWD,90,"SING","","",CCUI
2118,OP,1,0,DB,DBLNWD,90,"SING","","",DISTR
2119,OP,1,0,DB,DBLNWD,90,"SING","","",BB
2120,OP,1,0,DB,DBLNWD,90,"SING","","",PI
2121,OP,1,0,DB,BIGNWD,95,"SING","","",CCUI
2122,OP,1,0,DB,BIGNWD,95,"SING","","",DISTR
2123,OP,1,0,DB,BIGNWD,95,"SING","","",BB
2124,OP,1,0,DB,BIGNWD,95,"SING","","",PI
2125,OP,1,0,ZL,ACCNWD,125,"SING","","",CCUI
2126,OP,1,0,ZL,ACCNWD,125,"SING","","",DISTR
2127,OP,1,0,ZL,ACCNWD,125,"SING","","",BB
2128,OP,1,0,ZL,ACCNWD,125,"SING","","",PI
2129,OP,2,0,ZL,ACCNWD,90,"DBLE or TWIN","WETR","",CCUI
2130,OP,2,0,ZL,ACCNWD,90,"DBLE or TWIN","WETR","",DISTR
2131,OP,2,0,ZL,ACCNWD,90,"DBLE or TWIN","WETR","",BB
2132,OP,2,0,ZL,ACCNWD,90,"DBLE or TWIN","WETR","",PI
2133,OP,2,0,DB,DBLNWD,90,"DBLE","","",CCUI
2134,OP,2,0,DB,DBLNWD,90,"DBLE","","",DISTR
2135,OP,2,0,DB,DBLNWD,90,"DBLE","","",BB
2136,OP,2,0,DB,DBLNWD,90,"DBLE","","",PI
2137,OP,2,0,DB,BIGNWD,95,"DBLE","","",CCUI
2138,OP,2,0,DB,BIGNWD,95,"DBLE","","",DISTR
2139,OP,2,0,DB,BIGNWD,95,"DBLE","","",BB
2140,OP,2,0,DB,BIGNWD,95,"DBLE","","",PI
2141,OP,2,0,ZL,ACCNWD,125,"DBLE","","",CCUI
2142,OP,2,0,ZL,ACCNWD,125,"DBLE","","",DISTR
2143,OP,2,0,ZL,ACCNWD,125,"DBLE","","",BB
2144,OP,2,0,ZL,ACCNWD,125,"DBLE","","",PI
2145,OP,2,0,ZL,ACCNWD,125,"TWIN","","",CCUI
2146,OP,2,0,ZL,ACCNWD,125,"TWIN","","",DISTR
2147,OP,2,0,ZL,ACCNWD,125,"TWIN","","",BB
2148,OP,2,0,ZL,ACCNWD,125,"TWIN","","",PI
2149,OP,1,1,ZL,ACCNWD,90,"DBLE or TWIN","WETR","",CCUI
2150,OP,1,1,ZL,ACCNWD,90,"DBLE or TWIN","WETR","",DISTR
2151,OP,1,1,ZL,ACCNWD,90,"DBLE or TWIN","WETR","",BB
2152,OP,1,1,ZL,ACCNWD,90,"DBLE or TWIN","WETR","",PI
2153,OP,1,1,DB,DBLNWD,90,"DBLE","","",CCUI
2154,OP,1,1,DB,DBLNWD,90,"DBLE","","",DISTR
2155,OP,1,1,DB,DBLNWD,90,"DBLE","","",BB
2156,OP,1,1,DB,DBLNWD,90,"DBLE","","",PI
2157,OP,1,1,DB,BIGNWD,95,"DBLE","","",CCUI
2158,OP,1,1,DB,BIGNWD,95,"DBLE","","",DISTR
2159,OP,1,1,DB,BIGNWD,95,"DBLE","","",BB
2160,OP,1,1,DB,BIGNWD,95,"DBLE","","",PI
2161,OP,1,1,ZL,ACCNWD,125,"DBLE","","",CCUI
2162,OP,1,1,ZL,ACCNWD,125,"DBLE","","",DISTR
2163,OP,1,1,ZL,ACCNWD,125,"DBLE","","",BB
2164,OP,1,1,ZL,ACCNWD,125,"DBLE","","",PI
2165,OP,1,1,ZL,ACCNWD,125,"TWIN","","",CCUI
2166,OP,1,1,ZL,ACCNWD,125,"TWIN","","",DISTR
2167,OP,1,1,ZL,ACCNWD,125,"TWIN","","",BB
2168,OP,1,1,ZL,ACCNWD,125,"TWIN","","",PI
