rule_id,ref_rule_id,status,enable_timestamp,disable_timestamp,pms,adults,children,room_type,pms_room_type,offer_order,special_request,accessible_special_request,pkg_code,channel
63,NULL,ACTIVE,NULL,NULL,OP,2,0,DB,BRFDBL,109,DBLE,,,PI
64,NULL,ACTIVE,NULL,NULL,OP,2,0,DB,BRFZPL,110,DBLE,,,PI
20,NULL,ACTIVE,NULL,NULL,OP,2,0,DIS,BRFDBL,7,DBLE,BFRE,,PI
21,NULL,ACTIVE,NULL,NULL,OP,1,1,DIS,BRFDBL,7,DBLE,BFRE,,CCUI
22,NULL,ACTIVE,NULL,NULL,OP,1,0,DIS,BRFDBL,8,SING,BFRE,,PI
23,NULL,ACTIVE,NULL,NULL,OP,2,0,DIS,BRFZPL,8,DBLE,BFRE,,PI
24,NULL,ACTIVE,NULL,NULL,OP,1,1,DIS,BRFZPL,8,DBLE,BFRE,,CCUI
25,NULL,ACTIVE,NULL,NULL,OP,2,0,DIS,BRFTWN,9,TWIN,BFRE,,PI
26,NULL,ACTIVE,NULL,NULL,OP,1,1,DIS,BRFTWN,9,TWIN,BFRE,,CCUI
27,NULL,ACTIVE,NULL,NULL,OP,1,0,DIS,BRFZPL,9,SING,BFRE,,PI
28,NULL,ACTIVE,NULL,NULL,OP,1,0,DIS,BRFTWN,10,SING,BFRE,,PI
129,NULL,ACTIVE,NULL,NULL,OP,1,1,DB,BRFDBL,114,DBLE,,,CCUI
131,NULL,ACTIVE,NULL,NULL,OP,1,1,DB,BRFZPL,115,DBLE,,,CCUI
134,NULL,ACTIVE,NULL,NULL,OP,1,0,DB,BRFDBL,117,SING,,,PI
136,NULL,ACTIVE,NULL,NULL,OP,1,0,DB,BRFTWN,118,SING,,,PI
138,NULL,ACTIVE,NULL,NULL,OP,1,0,DB,BRFZPL,119,SING,,,PI
195,NULL,ACTIVE,NULL,NULL,OP,1,0,SB,BRFDBL,112,SING,,,PI
196,NULL,ACTIVE,NULL,NULL,OP,1,0,SB,BRFZPL,114,SING,,,PI
197,NULL,ACTIVE,NULL,NULL,OP,1,0,SB,BRFTWN,113,SING,,,PI
221,NULL,ACTIVE,NULL,NULL,OP,2,0,TWIN,BRFZPL,106,TW2S,,,PI
222,NULL,ACTIVE,NULL,NULL,OP,2,0,TWIN,BRFTWN,105,TW2S,,,PI
244,NULL,ACTIVE,NULL,NULL,OP,1,1,TWIN,BRFZPL,106,TW2S,,,CCUI
245,NULL,ACTIVE,NULL,NULL,OP,1,1,TWIN,BRFTWN,105,TW2S,,,CCUI
286,NULL,ACTIVE,NULL,NULL,OP,2,0,DIS,BRFDBL,7,DBLE,BFRE,,CCUI
287,NULL,ACTIVE,NULL,NULL,OP,1,0,DIS,BRFDBL,8,SING,BFRE,,CCUI
288,NULL,ACTIVE,NULL,NULL,OP,2,0,DIS,BRFZPL,8,DBLE,BFRE,,CCUI
289,NULL,ACTIVE,NULL,NULL,OP,2,0,DIS,BRFTWN,9,TWIN,BFRE,,CCUI
290,NULL,ACTIVE,NULL,NULL,OP,1,0,DIS,BRFZPL,9,SING,BFRE,,CCUI
291,NULL,ACTIVE,NULL,NULL,OP,1,0,DIS,BRFTWN,10,SING,BFRE,,CCUI
306,NULL,ACTIVE,NULL,NULL,OP,2,1,DIS,BRFDBL,7,DBLE,BFRE,,CCUI
307,NULL,ACTIVE,NULL,NULL,OP,2,1,DIS,BRFZPL,8,DBLE,BFRE,,CCUI
308,NULL,ACTIVE,NULL,NULL,OP,2,1,DIS,BRFTWN,9,TWIN,BFRE,,CCUI
320,NULL,ACTIVE,NULL,NULL,OP,1,2,DIS,BRFDBL,8,SING,BFRE,,CCUI
321,NULL,ACTIVE,NULL,NULL,OP,1,2,DIS,BRFZPL,9,SING,BFRE,,CCUI
322,NULL,ACTIVE,NULL,NULL,OP,1,2,DIS,BRFTWN,10,SING,BFRE,,CCUI
349,NULL,ACTIVE,NULL,NULL,OP,2,0,DB,BRFDBL,109,DBLE,,,CCUI
350,NULL,ACTIVE,NULL,NULL,OP,2,0,DB,BRFZPL,110,DBLE,,,CCUI
390,NULL,ACTIVE,NULL,NULL,OP,1,0,DB,BRFDBL,117,SING,,,CCUI
391,NULL,ACTIVE,NULL,NULL,OP,1,0,DB,BRFTWN,118,SING,,,CCUI
392,NULL,ACTIVE,NULL,NULL,OP,1,0,DB,BRFZPL,119,SING,,,CCUI
453,NULL,ACTIVE,NULL,NULL,OP,1,1,FAM,BRFZPL,106,TW2S,,,CCUI
454,NULL,ACTIVE,NULL,NULL,OP,1,1,FAM,BRFTWN,105,TW2S,,,CCUI
487,NULL,ACTIVE,NULL,NULL,OP,1,0,SB,BRFDBL,112,SING,,,CCUI
488,NULL,ACTIVE,NULL,NULL,OP,1,0,SB,BRFZPL,114,SING,,,CCUI
489,NULL,ACTIVE,NULL,NULL,OP,1,0,SB,BRFTWN,113,SING,,,CCUI
513,NULL,ACTIVE,NULL,NULL,OP,2,0,TWIN,BRFZPL,106,TW2S,,,CCUI
514,NULL,ACTIVE,NULL,NULL,OP,2,0,TWIN,BRFTWN,105,TW2S,,,CCUI
536,NULL,ACTIVE,NULL,NULL,OP,1,0,TWIN,BRFZPL,106,TW2S,,,CCUI
537,NULL,ACTIVE,NULL,NULL,OP,1,0,TWIN,BRFTWN,105,TW2S,,,CCUI
555,NULL,ACTIVE,NULL,NULL,OP,2,0,DIS,BRFDBL,7,DBLE,BFRE,,BB
556,NULL,ACTIVE,NULL,NULL,OP,1,0,DIS,BRFDBL,8,SING,BFRE,,BB
557,NULL,ACTIVE,NULL,NULL,OP,2,0,DIS,BRFZPL,8,DBLE,BFRE,,BB
558,NULL,ACTIVE,NULL,NULL,OP,2,0,DIS,BRFTWN,9,TWIN,BFRE,,BB
559,NULL,ACTIVE,NULL,NULL,OP,1,0,DIS,BRFZPL,9,SING,BFRE,,BB
560,NULL,ACTIVE,NULL,NULL,OP,1,0,DIS,BRFTWN,10,SING,BFRE,,BB
591,NULL,ACTIVE,NULL,NULL,OP,2,0,DB,BRFDBL,109,DBLE,,,BB
592,NULL,ACTIVE,NULL,NULL,OP,2,0,DB,BRFZPL,110,DBLE,,,BB
632,NULL,ACTIVE,NULL,NULL,OP,1,0,DB,BRFDBL,117,SING,,,BB
633,NULL,ACTIVE,NULL,NULL,OP,1,0,DB,BRFTWN,118,SING,,,BB
634,NULL,ACTIVE,NULL,NULL,OP,1,0,DB,BRFZPL,119,SING,,,BB
690,NULL,ACTIVE,NULL,NULL,OP,1,0,SB,BRFDBL,112,SING,,,BB
691,NULL,ACTIVE,NULL,NULL,OP,1,0,SB,BRFZPL,114,SING,,,BB
692,NULL,ACTIVE,NULL,NULL,OP,1,0,SB,BRFTWN,113,SING,,,BB
716,NULL,ACTIVE,NULL,NULL,OP,2,0,TWIN,BRFZPL,106,TW2S,,,BB
717,NULL,ACTIVE,NULL,NULL,OP,2,0,TWIN,BRFTWN,105,TW2S,,,BB
758,NULL,ACTIVE,NULL,NULL,OP,2,0,DIS,BRFDBL,7,DBLE,BFRE,,DISTR
759,NULL,ACTIVE,NULL,NULL,OP,1,0,DIS,BRFDBL,8,SING,BFRE,,DISTR
760,NULL,ACTIVE,NULL,NULL,OP,2,0,DIS,BRFZPL,8,DBLE,BFRE,,DISTR
761,NULL,ACTIVE,NULL,NULL,OP,2,0,DIS,BRFTWN,9,TWIN,BFRE,,DISTR
762,NULL,ACTIVE,NULL,NULL,OP,1,0,DIS,BRFZPL,9,SING,BFRE,,DISTR
763,NULL,ACTIVE,NULL,NULL,OP,1,0,DIS,BRFTWN,10,SING,BFRE,,DISTR
794,NULL,ACTIVE,NULL,NULL,OP,2,0,DB,BRFDBL,109,DBLE,,,DISTR
795,NULL,ACTIVE,NULL,NULL,OP,2,0,DB,BRFZPL,110,DBLE,,,DISTR
835,NULL,ACTIVE,NULL,NULL,OP,1,0,DB,BRFDBL,117,SING,,,DISTR
836,NULL,ACTIVE,NULL,NULL,OP,1,0,DB,BRFTWN,118,SING,,,DISTR
837,NULL,ACTIVE,NULL,NULL,OP,1,0,DB,BRFZPL,119,SING,,,DISTR
893,NULL,ACTIVE,NULL,NULL,OP,1,0,SB,BRFDBL,112,SING,,,DISTR
894,NULL,ACTIVE,NULL,NULL,OP,1,0,SB,BRFZPL,114,SING,,,DISTR
895,NULL,ACTIVE,NULL,NULL,OP,1,0,SB,BRFTWN,113,SING,,,DISTR
919,NULL,ACTIVE,NULL,NULL,OP,2,0,TWIN,BRFZPL,106,TW2S,,,DISTR
920,NULL,ACTIVE,NULL,NULL,OP,2,0,TWIN,BRFTWN,105,TW2S,,,DISTR
942,NULL,ACTIVE,NULL,NULL,OP,1,1,FAM,BRFZPL,106,TW2S,,,DISTR
943,NULL,ACTIVE,NULL,NULL,OP,1,1,FAM,BRFTWN,105,TW2S,,,DISTR
740,NULL,ACTIVE,NULL,NULL,OP,1,1,FAM,BRFTWN,108,TW2S,,,BB
739,NULL,ACTIVE,NULL,NULL,OP,1,1,FAM,BRFZPL,109,TW2S,,,BB
268,NULL,ACTIVE,NULL,NULL,OP,1,1,FAM,BRFTWN,108,TW2S,,,PI
267,NULL,ACTIVE,NULL,NULL,OP,1,1,FAM,BRFZPL,109,TW2S,,,PI