rule_id,channel,enable_timestamp,disable_timestamp,pms,adults,children,room_type,pms_room_type,offer_order,special_request,accessible_special_request,pkg_code
1350,PI,,,OP,1,0,DIS,VACSGL,103,SING,WETR,
1351,PI,,,OP,1,0,DIS,VLOWDB,104,SING,LOWB,
1352,PI,,,OP,1,0,DIS,VLOWTW,105,SING,LOWB,
1353,PI,,,OP,1,0,DIS,VWETDB,106,SING,WETR,
1354,PI,,,OP,1,0,DIS,VWETTW,107,SING,WETR,
1355,PI,,,OP,1,0,DIS,VACWIN,108,SING,WETR,
1356,PI,,,OP,1,0,DIS,VBRFDB,109,SING,BFRE,
1357,PI,,,OP,1,0,DIS,VBRFZB,110,SING,BFRE,
1358,PI,,,OP,1,0,DIS,VBRFTW,111,SING,BFRE,
1359,PI,,,OP,1,0,DIS,VPPDLW,112,SING,LOWB,
1360,PI,,,OP,1,0,DIS,VPPDWT,113,SING,WETR,
1361,PI,,,OP,1,0,DB,VDBWIN,128,SING,,
1362,PI,,,OP,1,0,DB,VFMTHR,131,SING,,
1363,PI,,,OP,1,0,DB,VFMTRP,132,SING,,
1364,PI,,,OP,1,0,DB,VFMFOR,133,SING,,
1365,PI,,,OP,1,0,DB,VDBDBL,134,SING,,
1366,PI,,,OP,1,0,DB,VFMQUD,135,SING,,
1367,PI,,,OP,1,0,DB,VSINGL,136,SING,,
1368,PI,,,OP,1,0,DB,VTWNRM,137,SING,,
1369,PI,,,OP,1,0,DB,VPDBZP,139,SING,,
1370,PI,,,OP,1,0,DB,VPFMIL,140,SING,,
1371,PI,,,OP,1,0,DB,VACSGL,141,SING,,
1372,PI,,,OP,1,0,DB,VLOWDB,142,SING,,
1373,PI,,,OP,1,0,DB,VLOWTW,143,SING,,
1374,PI,,,OP,1,0,DB,VBGWIN,144,SING,,
1375,PI,,,OP,1,0,DB,VBGZPL,145,SING,,
1376,PI,,,OP,1,0,DB,VWETDB,146,SING,,
1377,PI,,,OP,1,0,DB,VWETTW,147,SING,,
1378,PI,,,OP,1,0,DB,VBRFDB,148,SING,,
1379,PI,,,OP,1,0,DB,VBRFTW,149,SING,,
1380,PI,,,OP,1,0,DB,VBRFZB,150,SING,,
1381,PI,,,OP,1,0,DB,VACWIN,151,SING,,
1382,PI,,,OP,1,0,DB,VPPDLW,152,SING,,
1383,PI,,,OP,1,0,DB,VPPDWT,153,SING,,
1384,PI,,,OP,1,0,SB,VDBWIN,126,SING,,
1385,PI,,,OP,1,0,SB,VSINGL,127,SING,,
1386,PI,,,OP,1,0,SB,VTWNRM,128,SING,,
1387,PI,,,OP,1,0,SB,VFMTHR,131,SING,,
1388,PI,,,OP,1,0,SB,VFMTRP,132,SING,,
1389,PI,,,OP,1,0,SB,VFMFOR,133,SING,,
1390,PI,,,OP,1,0,SB,VDBDBL,134,SING,,
1391,PI,,,OP,1,0,SB,VFMQUD,135,SING,,
1392,PI,,,OP,1,0,SB,VPDBZP,137,SING,,
1393,PI,,,OP,1,0,SB,VPFMIL,138,SING,,
1394,PI,,,OP,1,0,SB,VACSGL,139,SING,,
1395,PI,,,OP,1,0,SB,VLOWDB,140,SING,,
1396,PI,,,OP,1,0,SB,VLOWTW,141,SING,,
1397,PI,,,OP,1,0,SB,VWETDB,142,SING,,
1398,PI,,,OP,1,0,SB,VWETTW,143,SING,,
1399,PI,,,OP,1,0,SB,VBRFDB,144,SING,,
1400,PI,,,OP,1,0,SB,VBRFTW,145,SING,,
1401,PI,,,OP,1,0,SB,VBRFZB,146,SING,,
1402,PI,,,OP,1,0,SB,VBGWIN,147,SING,,
1403,PI,,,OP,1,0,SB,VBGZPL,148,SING,,
1404,PI,,,OP,1,0,SB,VACWIN,149,SING,,
1405,PI,,,OP,1,0,SB,VPPDLW,150,SING,,
1406,PI,,,OP,1,0,SB,VPPDWT,151,SING,,
1407,BB,,,OP,1,0,DIS,VACSGL,103,SING,WETR,
1408,BB,,,OP,1,0,DIS,VLOWDB,104,SING,LOWB,
1409,BB,,,OP,1,0,DIS,VLOWTW,105,SING,LOWB,
1410,BB,,,OP,1,0,DIS,VWETDB,106,SING,WETR,
1411,BB,,,OP,1,0,DIS,VWETTW,107,SING,WETR,
1412,BB,,,OP,1,0,DIS,VACWIN,108,SING,WETR,
1413,BB,,,OP,1,0,DIS,VBRFDB,109,SING,BFRE,
1414,BB,,,OP,1,0,DIS,VBRFZB,110,SING,BFRE,
1415,BB,,,OP,1,0,DIS,VBRFTW,111,SING,BFRE,
1416,BB,,,OP,1,0,DIS,VPPDLW,112,SING,LOWB,
1417,BB,,,OP,1,0,DIS,VPPDWT,113,SING,WETR,
1418,BB,,,OP,1,0,DB,VDBWIN,128,SING,,
1419,BB,,,OP,1,0,DB,VFMTHR,131,SING,,
1420,BB,,,OP,1,0,DB,VFMTRP,132,SING,,
1421,BB,,,OP,1,0,DB,VFMFOR,133,SING,,
1422,BB,,,OP,1,0,DB,VDBDBL,134,SING,,
1423,BB,,,OP,1,0,DB,VFMQUD,135,SING,,
1424,BB,,,OP,1,0,DB,VSINGL,136,SING,,
1425,BB,,,OP,1,0,DB,VTWNRM,137,SING,,
1426,BB,,,OP,1,0,DB,VPDBZP,139,SING,,
1427,BB,,,OP,1,0,DB,VPFMIL,140,SING,,
1428,BB,,,OP,1,0,DB,VACSGL,141,SING,,
1429,BB,,,OP,1,0,DB,VLOWDB,142,SING,,
1430,BB,,,OP,1,0,DB,VLOWTW,143,SING,,
1431,BB,,,OP,1,0,DB,VBGWIN,144,SING,,
1432,BB,,,OP,1,0,DB,VBGZPL,145,SING,,
1433,BB,,,OP,1,0,DB,VWETDB,146,SING,,
1434,BB,,,OP,1,0,DB,VWETTW,147,SING,,
1435,BB,,,OP,1,0,DB,VBRFDB,148,SING,,
1436,BB,,,OP,1,0,DB,VBRFTW,149,SING,,
1437,BB,,,OP,1,0,DB,VBRFZB,150,SING,,
1438,BB,,,OP,1,0,DB,VACWIN,151,SING,,
1439,BB,,,OP,1,0,DB,VPPDLW,152,SING,,
1440,BB,,,OP,1,0,DB,VPPDWT,153,SING,,
1441,BB,,,OP,1,0,SB,VDBWIN,126,SING,,
1442,BB,,,OP,1,0,SB,VSINGL,127,SING,,
1443,BB,,,OP,1,0,SB,VTWNRM,128,SING,,
1444,BB,,,OP,1,0,SB,VFMTHR,131,SING,,
1445,BB,,,OP,1,0,SB,VFMTRP,132,SING,,
1446,BB,,,OP,1,0,SB,VFMFOR,133,SING,,
1447,BB,,,OP,1,0,SB,VDBDBL,134,SING,,
1448,BB,,,OP,1,0,SB,VFMQUD,135,SING,,
1449,BB,,,OP,1,0,SB,VPDBZP,137,SING,,
1450,BB,,,OP,1,0,SB,VPFMIL,138,SING,,
1451,BB,,,OP,1,0,SB,VACSGL,139,SING,,
1452,BB,,,OP,1,0,SB,VLOWDB,140,SING,,
1453,BB,,,OP,1,0,SB,VLOWTW,141,SING,,
1454,BB,,,OP,1,0,SB,VWETDB,142,SING,,
1455,BB,,,OP,1,0,SB,VWETTW,143,SING,,
1456,BB,,,OP,1,0,SB,VBRFDB,144,SING,,
1457,BB,,,OP,1,0,SB,VBRFTW,145,SING,,
1458,BB,,,OP,1,0,SB,VBRFZB,146,SING,,
1459,BB,,,OP,1,0,SB,VBGWIN,147,SING,,
1460,BB,,,OP,1,0,SB,VBGZPL,148,SING,,
1461,BB,,,OP,1,0,SB,VACWIN,149,SING,,
1462,BB,,,OP,1,0,SB,VPPDLW,150,SING,,
1463,BB,,,OP,1,0,SB,VPPDWT,151,SING,,
1464,CCUI,,,OP,1,0,DIS,VACSGL,103,SING,WETR,
1465,CCUI,,,OP,1,0,DIS,VLOWDB,104,SING,LOWB,
1466,CCUI,,,OP,1,0,DIS,VLOWTW,105,SING,LOWB,
1467,CCUI,,,OP,1,0,DIS,VWETDB,106,SING,WETR,
1468,CCUI,,,OP,1,0,DIS,VWETTW,107,SING,WETR,
1469,CCUI,,,OP,1,0,DIS,VACWIN,108,SING,WETR,
1470,CCUI,,,OP,1,0,DIS,VBRFDB,109,SING,BFRE,
1471,CCUI,,,OP,1,0,DIS,VBRFZB,110,SING,BFRE,
1472,CCUI,,,OP,1,0,DIS,VBRFTW,111,SING,BFRE,
1473,CCUI,,,OP,1,0,DIS,VPPDLW,112,SING,LOWB,
1474,CCUI,,,OP,1,0,DIS,VPPDWT,113,SING,WETR,
1475,CCUI,,,OP,1,0,DB,VDBWIN,128,SING,,
1476,CCUI,,,OP,1,0,DB,VFMTHR,131,SING,,
1477,CCUI,,,OP,1,0,DB,VFMTRP,132,SING,,
1478,CCUI,,,OP,1,0,DB,VFMFOR,133,SING,,
1479,CCUI,,,OP,1,0,DB,VDBDBL,134,SING,,
1480,CCUI,,,OP,1,0,DB,VFMQUD,135,SING,,
1481,CCUI,,,OP,1,0,DB,VSINGL,136,SING,,
1482,CCUI,,,OP,1,0,DB,VTWNRM,137,SING,,
1483,CCUI,,,OP,1,0,DB,VPDBZP,139,SING,,
1484,CCUI,,,OP,1,0,DB,VPFMIL,140,SING,,
1485,CCUI,,,OP,1,0,DB,VACSGL,141,SING,,
1486,CCUI,,,OP,1,0,DB,VLOWDB,142,SING,,
1487,CCUI,,,OP,1,0,DB,VLOWTW,143,SING,,
1488,CCUI,,,OP,1,0,DB,VBGWIN,144,SING,,
1489,CCUI,,,OP,1,0,DB,VBGZPL,145,SING,,
1490,CCUI,,,OP,1,0,DB,VWETDB,146,SING,,
1491,CCUI,,,OP,1,0,DB,VWETTW,147,SING,,
1492,CCUI,,,OP,1,0,DB,VBRFDB,148,SING,,
1493,CCUI,,,OP,1,0,DB,VBRFTW,149,SING,,
1494,CCUI,,,OP,1,0,DB,VBRFZB,150,SING,,
1495,CCUI,,,OP,1,0,DB,VACWIN,151,SING,,
1496,CCUI,,,OP,1,0,DB,VPPDLW,152,SING,,
1497,CCUI,,,OP,1,0,DB,VPPDWT,153,SING,,
1498,CCUI,,,OP,1,0,SB,VDBWIN,126,SING,,
1499,CCUI,,,OP,1,0,SB,VSINGL,127,SING,,
1500,CCUI,,,OP,1,0,SB,VTWNRM,128,SING,,
1501,CCUI,,,OP,1,0,SB,VFMTHR,131,SING,,
1502,CCUI,,,OP,1,0,SB,VFMTRP,132,SING,,
1503,CCUI,,,OP,1,0,SB,VFMFOR,133,SING,,
1504,CCUI,,,OP,1,0,SB,VDBDBL,134,SING,,
1505,CCUI,,,OP,1,0,SB,VFMQUD,135,SING,,
1506,CCUI,,,OP,1,0,SB,VPDBZP,137,SING,,
1507,CCUI,,,OP,1,0,SB,VPFMIL,138,SING,,
1508,CCUI,,,OP,1,0,SB,VACSGL,139,SING,,
1509,CCUI,,,OP,1,0,SB,VLOWDB,140,SING,,
1510,CCUI,,,OP,1,0,SB,VLOWTW,141,SING,,
1511,CCUI,,,OP,1,0,SB,VWETDB,142,SING,,
1512,CCUI,,,OP,1,0,SB,VWETTW,143,SING,,
1513,CCUI,,,OP,1,0,SB,VBRFDB,144,SING,,
1514,CCUI,,,OP,1,0,SB,VBRFTW,145,SING,,
1515,CCUI,,,OP,1,0,SB,VBRFZB,146,SING,,
1516,CCUI,,,OP,1,0,SB,VBGWIN,147,SING,,
1517,CCUI,,,OP,1,0,SB,VBGZPL,148,SING,,
1518,CCUI,,,OP,1,0,SB,VACWIN,149,SING,,
1519,CCUI,,,OP,1,0,SB,VPPDLW,150,SING,,
1520,CCUI,,,OP,1,0,SB,VPPDWT,151,SING,,
1521,DISTR,,,OP,1,0,DIS,VACSGL,103,SING,WETR,
1522,DISTR,,,OP,1,0,DIS,VLOWDB,104,SING,LOWB,
1523,DISTR,,,OP,1,0,DIS,VLOWTW,105,SING,LOWB,
1524,DISTR,,,OP,1,0,DIS,VWETDB,106,SING,WETR,
1525,DISTR,,,OP,1,0,DIS,VWETTW,107,SING,WETR,
1526,DISTR,,,OP,1,0,DIS,VACWIN,108,SING,WETR,
1527,DISTR,,,OP,1,0,DIS,VBRFDB,109,SING,BFRE,
1528,DISTR,,,OP,1,0,DIS,VBRFZB,110,SING,BFRE,
1529,DISTR,,,OP,1,0,DIS,VBRFTW,111,SING,BFRE,
1530,DISTR,,,OP,1,0,DIS,VPPDLW,112,SING,LOWB,
1531,DISTR,,,OP,1,0,DIS,VPPDWT,113,SING,WETR,
1532,DISTR,,,OP,1,0,DB,VDBWIN,128,SING,,
1533,DISTR,,,OP,1,0,DB,VFMTHR,131,SING,,
1534,DISTR,,,OP,1,0,DB,VFMTRP,132,SING,,
1535,DISTR,,,OP,1,0,DB,VFMFOR,133,SING,,
1536,DISTR,,,OP,1,0,DB,VDBDBL,134,SING,,
1537,DISTR,,,OP,1,0,DB,VFMQUD,135,SING,,
1538,DISTR,,,OP,1,0,DB,VSINGL,136,SING,,
1539,DISTR,,,OP,1,0,DB,VTWNRM,137,SING,,
1540,DISTR,,,OP,1,0,DB,VPDBZP,139,SING,,
1541,DISTR,,,OP,1,0,DB,VPFMIL,140,SING,,
1542,DISTR,,,OP,1,0,DB,VACSGL,141,SING,,
1543,DISTR,,,OP,1,0,DB,VLOWDB,142,SING,,
1544,DISTR,,,OP,1,0,DB,VLOWTW,143,SING,,
1545,DISTR,,,OP,1,0,DB,VBGWIN,144,SING,,
1546,DISTR,,,OP,1,0,DB,VBGZPL,145,SING,,
1547,DISTR,,,OP,1,0,DB,VWETDB,146,SING,,
1548,DISTR,,,OP,1,0,DB,VWETTW,147,SING,,
1549,DISTR,,,OP,1,0,DB,VBRFDB,148,SING,,
1550,DISTR,,,OP,1,0,DB,VBRFTW,149,SING,,
1551,DISTR,,,OP,1,0,DB,VBRFZB,150,SING,,
1552,DISTR,,,OP,1,0,DB,VACWIN,151,SING,,
1553,DISTR,,,OP,1,0,DB,VPPDLW,152,SING,,
1554,DISTR,,,OP,1,0,DB,VPPDWT,153,SING,,
1555,DISTR,,,OP,1,0,SB,VDBWIN,126,SING,,
1556,DISTR,,,OP,1,0,SB,VSINGL,127,SING,,
1557,DISTR,,,OP,1,0,SB,VTWNRM,128,SING,,
1558,DISTR,,,OP,1,0,SB,VFMTHR,131,SING,,
1559,DISTR,,,OP,1,0,SB,VFMTRP,132,SING,,
1560,DISTR,,,OP,1,0,SB,VFMFOR,133,SING,,
1561,DISTR,,,OP,1,0,SB,VDBDBL,134,SING,,
1562,DISTR,,,OP,1,0,SB,VFMQUD,135,SING,,
1563,DISTR,,,OP,1,0,SB,VPDBZP,137,SING,,
1564,DISTR,,,OP,1,0,SB,VPFMIL,138,SING,,
1565,DISTR,,,OP,1,0,SB,VACSGL,139,SING,,
1566,DISTR,,,OP,1,0,SB,VLOWDB,140,SING,,
1567,DISTR,,,OP,1,0,SB,VLOWTW,141,SING,,
1568,DISTR,,,OP,1,0,SB,VWETDB,142,SING,,
1569,DISTR,,,OP,1,0,SB,VWETTW,143,SING,,
1570,DISTR,,,OP,1,0,SB,VBRFDB,144,SING,,
1571,DISTR,,,OP,1,0,SB,VBRFTW,145,SING,,
1572,DISTR,,,OP,1,0,SB,VBRFZB,146,SING,,
1573,DISTR,,,OP,1,0,SB,VBGWIN,147,SING,,
1574,DISTR,,,OP,1,0,SB,VBGZPL,148,SING,,
1575,DISTR,,,OP,1,0,SB,VACWIN,149,SING,,
1576,DISTR,,,OP,1,0,SB,VPPDLW,150,SING,,
1577,DISTR,,,OP,1,0,SB,VPPDWT,151,SING,,
1578,PI,,,OP,2,0,DIS,VLOWDB,102,DBLE,LOWB,
1579,PI,,,OP,2,0,DIS,VLOWTW,103,TWIN,LOWB,
1580,PI,,,OP,2,0,DIS,VWETDB,104,DBLE,WETR,
1581,PI,,,OP,2,0,DIS,VWETTW,105,TWIN,WETR,
1582,PI,,,OP,2,0,DIS,VACWIN,106,DBLE,WETR,
1583,PI,,,OP,2,0,DIS,VBRFDB,107,DBLE,BFRE,
1584,PI,,,OP,2,0,DIS,VBRFZB,108,DBLE,BFRE,
1585,PI,,,OP,2,0,DIS,VBRFTW,109,TWIN,BFRE,
1586,PI,,,OP,2,0,DIS,VPPDLW,110,DBLE,LOWB,
1587,PI,,,OP,2,0,DIS,VPPDWT,111,DBLE,WETR,
1588,PI,,,OP,2,0,DB,VDBWIN,122,DBLE,,
1589,PI,,,OP,2,0,DB,VFMTHR,125,DBLE,,
1590,PI,,,OP,2,0,DB,VFMTRP,126,DBLE,,
1591,PI,,,OP,2,0,DB,VFMFOR,127,DBLE,,
1592,PI,,,OP,2,0,DB,VDBDBL,128,DBLE,,
1593,PI,,,OP,2,0,DB,VFMQUD,129,DBLE,,
1594,PI,,,OP,2,0,DB,VPDBZP,131,DBLE,,
1595,PI,,,OP,2,0,DB,VPFMIL,132,DBLE,,
1596,PI,,,OP,2,0,DB,VLOWDB,133,DBLE,,
1597,PI,,,OP,2,0,DB,VWETDB,134,DBLE,,
1598,PI,,,OP,2,0,DB,VBRFDB,135,DBLE,,
1599,PI,,,OP,2,0,DB,VBRFZB,136,DBLE,,
1600,PI,,,OP,2,0,DB,VBGWIN,137,DBLE,,
1601,PI,,,OP,2,0,DB,VBGZPL,138,DBLE,,
1602,PI,,,OP,2,0,DB,VACWIN,139,DBLE,,
1603,PI,,,OP,2,0,DB,VPPDLW,140,DBLE,,
1604,PI,,,OP,2,0,DB,VPPDWT,141,DBLE,,
1605,PI,,,OP,2,0,TWIN,VTWNRM,111,TW2S,,HSATWN
1606,PI,,,OP,2,0,TWIN,VDBDBL,113,TW2S,,HSATWN
1607,PI,,,OP,2,0,TWIN,VFMTRP,114,TWDS,,
1608,PI,,,OP,2,0,TWIN,VFMQUD,115,TWDS,,
1609,PI,,,OP,2,0,TWIN,VPDBZP,116,TW2S,,HSATWN
1610,PI,,,OP,2,0,TWIN,VLOWTW,117,TWIN,,
1611,PI,,,OP,2,0,TWIN,VWETTW,118,TWIN,,
1612,PI,,,OP,2,0,TWIN,VBRFTW,119,TW2S,,
1613,PI,,,OP,2,0,TWIN,VBRFZB,120,TW2S,,
1614,PI,,,OP,2,0,TWIN,VBGZPL,121,TW2S,,HSATWN
1615,PI,,,OP,2,0,TWIN,VACWIN,122,TWIN,,
1616,BB,,,OP,2,0,DIS,VLOWDB,102,DBLE,LOWB,
1617,BB,,,OP,2,0,DIS,VLOWTW,103,TWIN,LOWB,
1618,BB,,,OP,2,0,DIS,VWETDB,104,DBLE,WETR,
1619,BB,,,OP,2,0,DIS,VWETTW,105,TWIN,WETR,
1620,BB,,,OP,2,0,DIS,VACWIN,106,DBLE,WETR,
1621,BB,,,OP,2,0,DIS,VBRFDB,107,DBLE,BFRE,
1622,BB,,,OP,2,0,DIS,VBRFZB,108,DBLE,BFRE,
1623,BB,,,OP,2,0,DIS,VBRFTW,109,TWIN,BFRE,
1624,BB,,,OP,2,0,DIS,VPPDLW,110,DBLE,LOWB,
1625,BB,,,OP,2,0,DIS,VPPDWT,111,DBLE,WETR,
1626,BB,,,OP,2,0,DB,VDBWIN,122,DBLE,,
1627,BB,,,OP,2,0,DB,VFMTHR,125,DBLE,,
1628,BB,,,OP,2,0,DB,VFMTRP,126,DBLE,,
1629,BB,,,OP,2,0,DB,VFMFOR,127,DBLE,,
1630,BB,,,OP,2,0,DB,VDBDBL,128,DBLE,,
1631,BB,,,OP,2,0,DB,VFMQUD,129,DBLE,,
1632,BB,,,OP,2,0,DB,VPDBZP,131,DBLE,,
1633,BB,,,OP,2,0,DB,VPFMIL,132,DBLE,,
1634,BB,,,OP,2,0,DB,VLOWDB,133,DBLE,,
1635,BB,,,OP,2,0,DB,VWETDB,134,DBLE,,
1636,BB,,,OP,2,0,DB,VBRFDB,135,DBLE,,
1637,BB,,,OP,2,0,DB,VBRFZB,136,DBLE,,
1638,BB,,,OP,2,0,DB,VBGWIN,137,DBLE,,
1639,BB,,,OP,2,0,DB,VBGZPL,138,DBLE,,
1640,BB,,,OP,2,0,DB,VACWIN,139,DBLE,,
1641,BB,,,OP,2,0,DB,VPPDLW,140,DBLE,,
1642,BB,,,OP,2,0,DB,VPPDWT,141,DBLE,,
1643,BB,,,OP,2,0,TWIN,VTWNRM,111,TW2S,,HSATWN
1644,BB,,,OP,2,0,TWIN,VDBDBL,113,TW2S,,HSATWN
1645,BB,,,OP,2,0,TWIN,VFMTRP,114,TWDS,,
1646,BB,,,OP,2,0,TWIN,VFMQUD,115,TWDS,,
1647,BB,,,OP,2,0,TWIN,VPDBZP,116,TW2S,,HSATWN
1648,BB,,,OP,2,0,TWIN,VLOWTW,117,TWIN,,
1649,BB,,,OP,2,0,TWIN,VWETTW,118,TWIN,,
1650,BB,,,OP,2,0,TWIN,VBRFTW,119,TW2S,,
1651,BB,,,OP,2,0,TWIN,VBRFZB,120,TW2S,,
1652,BB,,,OP,2,0,TWIN,VBGZPL,121,TW2S,,HSATWN
1653,BB,,,OP,2,0,TWIN,VACWIN,122,TWIN,,
1654,CCUI,,,OP,2,0,DIS,VLOWDB,102,DBLE,LOWB,
1655,CCUI,,,OP,2,0,DIS,VLOWTW,103,TWIN,LOWB,
1656,CCUI,,,OP,2,0,DIS,VWETDB,104,DBLE,WETR,
1657,CCUI,,,OP,2,0,DIS,VWETTW,105,TWIN,WETR,
1658,CCUI,,,OP,2,0,DIS,VACWIN,106,DBLE,WETR,
1659,CCUI,,,OP,2,0,DIS,VBRFDB,107,DBLE,BFRE,
1660,CCUI,,,OP,2,0,DIS,VBRFZB,108,DBLE,BFRE,
1661,CCUI,,,OP,2,0,DIS,VBRFTW,109,TWIN,BFRE,
1662,CCUI,,,OP,2,0,DIS,VPPDLW,110,DBLE,LOWB,
1663,CCUI,,,OP,2,0,DIS,VPPDWT,111,DBLE,WETR,
1664,CCUI,,,OP,2,0,DB,VDBWIN,122,DBLE,,
1665,CCUI,,,OP,2,0,DB,VFMTHR,125,DBLE,,
1666,CCUI,,,OP,2,0,DB,VFMTRP,126,DBLE,,
1667,CCUI,,,OP,2,0,DB,VFMFOR,127,DBLE,,
1668,CCUI,,,OP,2,0,DB,VDBDBL,128,DBLE,,
1669,CCUI,,,OP,2,0,DB,VFMQUD,129,DBLE,,
1670,CCUI,,,OP,2,0,DB,VPDBZP,131,DBLE,,
1671,CCUI,,,OP,2,0,DB,VPFMIL,132,DBLE,,
1672,CCUI,,,OP,2,0,DB,VLOWDB,133,DBLE,,
1673,CCUI,,,OP,2,0,DB,VWETDB,134,DBLE,,
1674,CCUI,,,OP,2,0,DB,VBRFDB,135,DBLE,,
1675,CCUI,,,OP,2,0,DB,VBRFZB,136,DBLE,,
1676,CCUI,,,OP,2,0,DB,VBGWIN,137,DBLE,,
1677,CCUI,,,OP,2,0,DB,VBGZPL,138,DBLE,,
1678,CCUI,,,OP,2,0,DB,VACWIN,139,DBLE,,
1679,CCUI,,,OP,2,0,DB,VPPDLW,140,DBLE,,
1680,CCUI,,,OP,2,0,DB,VPPDWT,141,DBLE,,
1681,CCUI,,,OP,2,0,TWIN,VTWNRM,111,TW2S,,HSATWN
1682,CCUI,,,OP,2,0,TWIN,VDBDBL,113,TW2S,,HSATWN
1683,CCUI,,,OP,2,0,TWIN,VFMTRP,114,TWDS,,
1684,CCUI,,,OP,2,0,TWIN,VFMQUD,115,TWDS,,
1685,CCUI,,,OP,2,0,TWIN,VPDBZP,116,TW2S,,HSATWN
1686,CCUI,,,OP,2,0,TWIN,VLOWTW,117,TWIN,,
1687,CCUI,,,OP,2,0,TWIN,VWETTW,118,TWIN,,
1688,CCUI,,,OP,2,0,TWIN,VBRFTW,119,TW2S,,
1689,CCUI,,,OP,2,0,TWIN,VBRFZB,120,TW2S,,
1690,CCUI,,,OP,2,0,TWIN,VBGZPL,121,TW2S,,HSATWN
1691,CCUI,,,OP,2,0,TWIN,VACWIN,122,TWIN,,
1692,DISTR,,,OP,2,0,DIS,VLOWDB,102,DBLE,LOWB,
1693,DISTR,,,OP,2,0,DIS,VLOWTW,103,TWIN,LOWB,
1694,DISTR,,,OP,2,0,DIS,VWETDB,104,DBLE,WETR,
1695,DISTR,,,OP,2,0,DIS,VWETTW,105,TWIN,WETR,
1696,DISTR,,,OP,2,0,DIS,VACWIN,106,DBLE,WETR,
1697,DISTR,,,OP,2,0,DIS,VBRFDB,107,DBLE,BFRE,
1698,DISTR,,,OP,2,0,DIS,VBRFZB,108,DBLE,BFRE,
1699,DISTR,,,OP,2,0,DIS,VBRFTW,109,TWIN,BFRE,
1700,DISTR,,,OP,2,0,DIS,VPPDLW,110,DBLE,LOWB,
1701,DISTR,,,OP,2,0,DIS,VPPDWT,111,DBLE,WETR,
1702,DISTR,,,OP,2,0,DB,VDBWIN,122,DBLE,,
1703,DISTR,,,OP,2,0,DB,VFMTHR,125,DBLE,,
1704,DISTR,,,OP,2,0,DB,VFMTRP,126,DBLE,,
1705,DISTR,,,OP,2,0,DB,VFMFOR,127,DBLE,,
1706,DISTR,,,OP,2,0,DB,VDBDBL,128,DBLE,,
1707,DISTR,,,OP,2,0,DB,VFMQUD,129,DBLE,,
1708,DISTR,,,OP,2,0,DB,VPDBZP,131,DBLE,,
1709,DISTR,,,OP,2,0,DB,VPFMIL,132,DBLE,,
1710,DISTR,,,OP,2,0,DB,VLOWDB,133,DBLE,,
1711,DISTR,,,OP,2,0,DB,VWETDB,134,DBLE,,
1712,DISTR,,,OP,2,0,DB,VBRFDB,135,DBLE,,
1713,DISTR,,,OP,2,0,DB,VBRFZB,136,DBLE,,
1714,DISTR,,,OP,2,0,DB,VBGWIN,137,DBLE,,
1715,DISTR,,,OP,2,0,DB,VBGZPL,138,DBLE,,
1716,DISTR,,,OP,2,0,DB,VACWIN,139,DBLE,,
1717,DISTR,,,OP,2,0,DB,VPPDLW,140,DBLE,,
1718,DISTR,,,OP,2,0,DB,VPPDWT,141,DBLE,,
1719,DISTR,,,OP,2,0,TWIN,VTWNRM,111,TW2S,,HSATWN
1720,DISTR,,,OP,2,0,TWIN,VDBDBL,113,TW2S,,HSATWN
1721,DISTR,,,OP,2,0,TWIN,VFMTRP,114,TWDS,,
1722,DISTR,,,OP,2,0,TWIN,VFMQUD,115,TWDS,,
1723,DISTR,,,OP,2,0,TWIN,VPDBZP,116,TW2S,,HSATWN
1724,DISTR,,,OP,2,0,TWIN,VLOWTW,117,TWIN,,
1725,DISTR,,,OP,2,0,TWIN,VWETTW,118,TWIN,,
1726,DISTR,,,OP,2,0,TWIN,VBRFTW,119,TW2S,,
1727,DISTR,,,OP,2,0,TWIN,VBRFZB,120,TW2S,,
1728,DISTR,,,OP,2,0,TWIN,VBGZPL,121,TW2S,,HSATWN
1729,DISTR,,,OP,2,0,TWIN,VACWIN,122,TWIN,,
1730,PI,,,OP,1,1,DIS,VLOWDB,102,DBLE,LOWB,
1731,PI,,,OP,1,1,DIS,VLOWTW,103,TWIN,LOWB,
1732,PI,,,OP,1,1,DIS,VWETDB,104,DBLE,WETR,
1733,PI,,,OP,1,1,DIS,VWETTW,105,TWIN,WETR,
1734,PI,,,OP,1,1,DIS,VACWIN,106,DBLE,WETR,
1735,PI,,,OP,1,1,DIS,VBRFDB,107,DBLE,BFRE,
1736,PI,,,OP,1,1,DIS,VBRFZB,108,DBLE,BFRE,
1737,PI,,,OP,1,1,DIS,VBRFTW,109,TWIN,BFRE,
1738,PI,,,OP,1,1,DIS,VPPDLW,110,DBLE,LOWB,
1739,PI,,,OP,1,1,DIS,VPPDWT,111,DBLE,WETR,
1740,PI,,,OP,1,1,DB,VDBWIN,120,DBLE,,
1741,PI,,,OP,1,1,DB,VDOUBL,121,DBLE,,
1742,PI,,,OP,1,1,DB,VZPDBL,122,DBLE,,
1743,PI,,,OP,1,1,DB,VFMTHR,123,DBLE,,
1744,PI,,,OP,1,1,DB,VFMTRP,124,DBLE,,
1745,PI,,,OP,1,1,DB,VFMFOR,125,DBLE,,
1746,PI,,,OP,1,1,DB,VDBDBL,126,DBLE,,
1747,PI,,,OP,1,1,DB,VFMQUD,127,DBLE,,
1748,PI,,,OP,1,1,DB,VBGWIN,128,DBLE,,
1749,PI,,,OP,1,1,DB,VBGZPL,129,DBLE,,
1750,PI,,,OP,1,1,DB,VPPDBL,130,DBLE,,
1751,PI,,,OP,1,1,DB,VPDBZP,131,DBLE,,
1752,PI,,,OP,1,1,DB,VPFMIL,132,DBLE,,
1753,PI,,,OP,1,1,DB,VACWIN,133,DBLE,,
1754,PI,,,OP,1,1,DB,VLOWDB,134,DBLE,,
1755,PI,,,OP,1,1,DB,VWETDB,135,DBLE,,
1756,PI,,,OP,1,1,DB,VBRFDB,136,DBLE,,
1757,PI,,,OP,1,1,DB,VBRFZB,137,DBLE,,
1758,PI,,,OP,1,1,DB,VPPDLW,138,DBLE,,
1759,PI,,,OP,1,1,DB,VPPDWT,139,DBLE,,
1760,PI,,,OP,1,1,FAM,VTWNRM,111,TW2S,,HSATWN
1761,PI,,,OP,1,1,FAM,VDBDBL,113,TW2S,,HSATWN
1762,PI,,,OP,1,1,FAM,VFMTRP,114,TWDS,,
1763,PI,,,OP,1,1,FAM,VFMTHR,115,TWDS,,
1764,PI,,,OP,1,1,FAM,VFMQUD,116,TWDS,,
1765,PI,,,OP,1,1,FAM,VFMFOR,117,TWDS,,
1766,PI,,,OP,1,1,FAM,VPDBZP,118,TW2S,,HSATWN
1767,PI,,,OP,1,1,FAM,VPFMIL,119,TWDS,,
1768,PI,,,OP,1,1,FAM,VLOWTW,120,TWIN,,
1769,PI,,,OP,1,1,FAM,VWETTW,121,TWIN,,
1770,PI,,,OP,1,1,FAM,VBRFTW,122,TW2S,,
1771,PI,,,OP,1,1,FAM,VBRFZB,123,TW2S,,
1772,PI,,,OP,1,1,FAM,VBGZPL,124,TW2S,,HSATWN
1773,PI,,,OP,1,1,FAM,VACWIN,125,TWIN,,
1774,BB,,,OP,1,1,DIS,VLOWDB,102,DBLE,LOWB,
1775,BB,,,OP,1,1,DIS,VLOWTW,103,TWIN,LOWB,
1776,BB,,,OP,1,1,DIS,VWETDB,104,DBLE,WETR,
1777,BB,,,OP,1,1,DIS,VWETTW,105,TWIN,WETR,
1778,BB,,,OP,1,1,DIS,VACWIN,106,DBLE,WETR,
1779,BB,,,OP,1,1,DIS,VBRFDB,107,DBLE,BFRE,
1780,BB,,,OP,1,1,DIS,VBRFZB,108,DBLE,BFRE,
1781,BB,,,OP,1,1,DIS,VBRFTW,109,TWIN,BFRE,
1782,BB,,,OP,1,1,DIS,VPPDLW,110,DBLE,LOWB,
1783,BB,,,OP,1,1,DIS,VPPDWT,111,DBLE,WETR,
1784,BB,,,OP,1,1,DB,VDBWIN,120,DBLE,,
1785,BB,,,OP,1,1,DB,VDOUBL,121,DBLE,,
1786,BB,,,OP,1,1,DB,VZPDBL,122,DBLE,,
1787,BB,,,OP,1,1,DB,VFMTHR,123,DBLE,,
1788,BB,,,OP,1,1,DB,VFMTRP,124,DBLE,,
1789,BB,,,OP,1,1,DB,VFMFOR,125,DBLE,,
1790,BB,,,OP,1,1,DB,VDBDBL,126,DBLE,,
1791,BB,,,OP,1,1,DB,VFMQUD,127,DBLE,,
1792,BB,,,OP,1,1,DB,VBGWIN,128,DBLE,,
1793,BB,,,OP,1,1,DB,VBGZPL,129,DBLE,,
1794,BB,,,OP,1,1,DB,VPPDBL,130,DBLE,,
1795,BB,,,OP,1,1,DB,VPDBZP,131,DBLE,,
1796,BB,,,OP,1,1,DB,VPFMIL,132,DBLE,,
1797,BB,,,OP,1,1,DB,VACWIN,133,DBLE,,
1798,BB,,,OP,1,1,DB,VLOWDB,134,DBLE,,
1799,BB,,,OP,1,1,DB,VWETDB,135,DBLE,,
1800,BB,,,OP,1,1,DB,VBRFDB,136,DBLE,,
1801,BB,,,OP,1,1,DB,VBRFZB,137,DBLE,,
1802,BB,,,OP,1,1,DB,VPPDLW,138,DBLE,,
1803,BB,,,OP,1,1,DB,VPPDWT,139,DBLE,,
1804,BB,,,OP,1,1,FAM,VTWNRM,111,TW2S,,HSATWN
1805,BB,,,OP,1,1,FAM,VDBDBL,113,TW2S,,HSATWN
1806,BB,,,OP,1,1,FAM,VFMTRP,114,TWDS,,
1807,BB,,,OP,1,1,FAM,VFMTHR,115,TWDS,,
1808,BB,,,OP,1,1,FAM,VFMQUD,116,TWDS,,
1809,BB,,,OP,1,1,FAM,VFMFOR,117,TWDS,,
1810,BB,,,OP,1,1,FAM,VPDBZP,118,TW2S,,HSATWN
1811,BB,,,OP,1,1,FAM,VPFMIL,119,TWDS,,
1812,BB,,,OP,1,1,FAM,VLOWTW,120,TWIN,,
1813,BB,,,OP,1,1,FAM,VWETTW,121,TWIN,,
1814,BB,,,OP,1,1,FAM,VBRFTW,122,TW2S,,
1815,BB,,,OP,1,1,FAM,VBRFZB,123,TW2S,,
1816,BB,,,OP,1,1,FAM,VBGZPL,124,TW2S,,HSATWN
1817,BB,,,OP,1,1,FAM,VACWIN,125,TWIN,,
1818,CCUI,,,OP,1,1,DIS,VLOWDB,102,DBLE,LOWB,
1819,CCUI,,,OP,1,1,DIS,VLOWTW,103,TWIN,LOWB,
1820,CCUI,,,OP,1,1,DIS,VWETDB,104,DBLE,WETR,
1821,CCUI,,,OP,1,1,DIS,VWETTW,105,TWIN,WETR,
1822,CCUI,,,OP,1,1,DIS,VACWIN,106,DBLE,WETR,
1823,CCUI,,,OP,1,1,DIS,VBRFDB,107,DBLE,BFRE,
1824,CCUI,,,OP,1,1,DIS,VBRFZB,108,DBLE,BFRE,
1825,CCUI,,,OP,1,1,DIS,VBRFTW,109,TWIN,BFRE,
1826,CCUI,,,OP,1,1,DIS,VPPDLW,110,DBLE,LOWB,
1827,CCUI,,,OP,1,1,DIS,VPPDWT,111,DBLE,WETR,
1828,CCUI,,,OP,1,1,DB,VDBWIN,120,DBLE,,
1829,CCUI,,,OP,1,1,DB,VDOUBL,121,DBLE,,
1830,CCUI,,,OP,1,1,DB,VZPDBL,122,DBLE,,
1831,CCUI,,,OP,1,1,DB,VFMTHR,123,DBLE,,
1832,CCUI,,,OP,1,1,DB,VFMTRP,124,DBLE,,
1833,CCUI,,,OP,1,1,DB,VFMFOR,125,DBLE,,
1834,CCUI,,,OP,1,1,DB,VDBDBL,126,DBLE,,
1835,CCUI,,,OP,1,1,DB,VFMQUD,127,DBLE,,
1836,CCUI,,,OP,1,1,DB,VBGWIN,128,DBLE,,
1837,CCUI,,,OP,1,1,DB,VBGZPL,129,DBLE,,
1838,CCUI,,,OP,1,1,DB,VPPDBL,130,DBLE,,
1839,CCUI,,,OP,1,1,DB,VPDBZP,131,DBLE,,
1840,CCUI,,,OP,1,1,DB,VPFMIL,132,DBLE,,
1841,CCUI,,,OP,1,1,DB,VACWIN,133,DBLE,,
1842,CCUI,,,OP,1,1,DB,VLOWDB,134,DBLE,,
1843,CCUI,,,OP,1,1,DB,VWETDB,135,DBLE,,
1844,CCUI,,,OP,1,1,DB,VBRFDB,136,DBLE,,
1845,CCUI,,,OP,1,1,DB,VBRFZB,137,DBLE,,
1846,CCUI,,,OP,1,1,DB,VPPDLW,138,DBLE,,
1847,CCUI,,,OP,1,1,DB,VPPDWT,139,DBLE,,
1848,CCUI,,,OP,1,1,FAM,VTWNRM,111,TW2S,,HSATWN
1849,CCUI,,,OP,1,1,FAM,VDBDBL,113,TW2S,,HSATWN
1850,CCUI,,,OP,1,1,FAM,VFMTRP,114,TWDS,,
1851,CCUI,,,OP,1,1,FAM,VFMTHR,115,TWDS,,
1852,CCUI,,,OP,1,1,FAM,VFMQUD,116,TWDS,,
1853,CCUI,,,OP,1,1,FAM,VFMFOR,117,TWDS,,
1854,CCUI,,,OP,1,1,FAM,VPDBZP,118,TW2S,,HSATWN
1855,CCUI,,,OP,1,1,FAM,VPFMIL,119,TWDS,,
1856,CCUI,,,OP,1,1,FAM,VLOWTW,120,TWIN,,
1857,CCUI,,,OP,1,1,FAM,VWETTW,121,TWIN,,
1858,CCUI,,,OP,1,1,FAM,VBRFTW,122,TW2S,,
1859,CCUI,,,OP,1,1,FAM,VBRFZB,123,TW2S,,
1860,CCUI,,,OP,1,1,FAM,VBGZPL,124,TW2S,,HSATWN
1861,CCUI,,,OP,1,1,FAM,VACWIN,125,TWIN,,
1862,CCUI,,,OP,1,1,TWIN,VTWNRM,111,TW2S,,HSATWN
1863,CCUI,,,OP,1,1,TWIN,VDBDBL,113,TW2S,,HSATWN
1864,CCUI,,,OP,1,1,TWIN,VFMTRP,114,TWDS,,
1865,CCUI,,,OP,1,1,TWIN,VFMTHR,115,TWDS,,
1866,CCUI,,,OP,1,1,TWIN,VFMQUD,116,TWDS,,
1867,CCUI,,,OP,1,1,TWIN,VFMFOR,117,TWDS,,
1868,CCUI,,,OP,1,1,TWIN,VPDBZP,118,TW2S,,HSATWN
1869,CCUI,,,OP,1,1,TWIN,VPFMIL,119,TWDS,,
1870,CCUI,,,OP,1,1,TWIN,VLOWTW,120,TWIN,,
1871,CCUI,,,OP,1,1,TWIN,VWETTW,121,TWIN,,
1872,CCUI,,,OP,1,1,TWIN,VBRFTW,122,TW2S,,
1873,CCUI,,,OP,1,1,TWIN,VBRFZB,123,TW2S,,
1874,CCUI,,,OP,1,1,TWIN,VBGZPL,124,TW2S,,HSATWN
1875,CCUI,,,OP,1,1,TWIN,VACWIN,125,TWIN,,
1876,DISTR,,,OP,1,1,DIS,VLOWDB,102,DBLE,LOWB,
1877,DISTR,,,OP,1,1,DIS,VLOWTW,103,TWIN,LOWB,
1878,DISTR,,,OP,1,1,DIS,VWETDB,104,DBLE,WETR,
1879,DISTR,,,OP,1,1,DIS,VWETTW,105,TWIN,WETR,
1880,DISTR,,,OP,1,1,DIS,VACWIN,106,DBLE,WETR,
1881,DISTR,,,OP,1,1,DIS,VBRFDB,107,DBLE,BFRE,
1882,DISTR,,,OP,1,1,DIS,VBRFZB,108,DBLE,BFRE,
1883,DISTR,,,OP,1,1,DIS,VBRFTW,109,TWIN,BFRE,
1884,DISTR,,,OP,1,1,DIS,VPPDLW,110,DBLE,LOWB,
1885,DISTR,,,OP,1,1,DIS,VPPDWT,111,DBLE,WETR,
1886,DISTR,,,OP,1,1,DB,VDBWIN,120,DBLE,,
1887,DISTR,,,OP,1,1,DB,VDOUBL,121,DBLE,,
1888,DISTR,,,OP,1,1,DB,VZPDBL,122,DBLE,,
1889,DISTR,,,OP,1,1,DB,VFMTHR,123,DBLE,,
1890,DISTR,,,OP,1,1,DB,VFMTRP,124,DBLE,,
1891,DISTR,,,OP,1,1,DB,VFMFOR,125,DBLE,,
1892,DISTR,,,OP,1,1,DB,VDBDBL,126,DBLE,,
1893,DISTR,,,OP,1,1,DB,VFMQUD,127,DBLE,,
1894,DISTR,,,OP,1,1,DB,VBGWIN,128,DBLE,,
1895,DISTR,,,OP,1,1,DB,VBGZPL,129,DBLE,,
1896,DISTR,,,OP,1,1,DB,VPPDBL,130,DBLE,,
1897,DISTR,,,OP,1,1,DB,VPDBZP,131,DBLE,,
1898,DISTR,,,OP,1,1,DB,VPFMIL,132,DBLE,,
1899,DISTR,,,OP,1,1,DB,VACWIN,133,DBLE,,
1900,DISTR,,,OP,1,1,DB,VLOWDB,134,DBLE,,
1901,DISTR,,,OP,1,1,DB,VWETDB,135,DBLE,,
1902,DISTR,,,OP,1,1,DB,VBRFDB,136,DBLE,,
1903,DISTR,,,OP,1,1,DB,VBRFZB,137,DBLE,,
1904,DISTR,,,OP,1,1,DB,VPPDLW,138,DBLE,,
1905,DISTR,,,OP,1,1,DB,VPPDWT,139,DBLE,,
1906,DISTR,,,OP,1,1,FAM,VTWNRM,111,TW2S,,HSATWN
1907,DISTR,,,OP,1,1,FAM,VDBDBL,113,TW2S,,HSATWN
1908,DISTR,,,OP,1,1,FAM,VFMTRP,114,TWDS,,
1909,DISTR,,,OP,1,1,FAM,VFMTHR,115,TWDS,,
1910,DISTR,,,OP,1,1,FAM,VFMQUD,116,TWDS,,
1911,DISTR,,,OP,1,1,FAM,VFMFOR,117,TWDS,,
1912,DISTR,,,OP,1,1,FAM,VPDBZP,118,TW2S,,HSATWN
1913,DISTR,,,OP,1,1,FAM,VPFMIL,119,TWDS,,
1914,DISTR,,,OP,1,1,FAM,VLOWTW,120,TWIN,,
1915,DISTR,,,OP,1,1,FAM,VWETTW,121,TWIN,,
1916,DISTR,,,OP,1,1,FAM,VBRFTW,122,TW2S,,
1917,DISTR,,,OP,1,1,FAM,VBRFZB,123,TW2S,,
1918,DISTR,,,OP,1,1,FAM,VBGZPL,124,TW2S,,HSATWN
1919,DISTR,,,OP,1,1,FAM,VACWIN,125,TWIN,,
1920,DISTR,,,OP,1,1,TWIN,VTWNRM,111,TW2S,,HSATWN
1921,DISTR,,,OP,1,1,TWIN,VDBDBL,113,TW2S,,HSATWN
1922,DISTR,,,OP,1,1,TWIN,VFMTRP,114,TWDS,,
1923,DISTR,,,OP,1,1,TWIN,VFMTHR,115,TWDS,,
1924,DISTR,,,OP,1,1,TWIN,VFMQUD,116,TWDS,,
1925,DISTR,,,OP,1,1,TWIN,VFMFOR,117,TWDS,,
1926,DISTR,,,OP,1,1,TWIN,VPDBZP,118,TW2S,,HSATWN
1927,DISTR,,,OP,1,1,TWIN,VPFMIL,119,TWDS,,
1928,DISTR,,,OP,1,1,TWIN,VLOWTW,120,TWIN,,
1929,DISTR,,,OP,1,1,TWIN,VWETTW,121,TWIN,,
1930,DISTR,,,OP,1,1,TWIN,VBRFTW,122,TW2S,,
1931,DISTR,,,OP,1,1,TWIN,VBRFZB,123,TW2S,,
1932,DISTR,,,OP,1,1,TWIN,VBGZPL,124,TW2S,,HSATWN
1933,DISTR,,,OP,1,1,TWIN,VACWIN,125,TWIN,,
1934,PI,,,OP,1,2,FAM,VFMQUD,106,QUAD,,
1935,PI,,,OP,1,2,FAM,VDBDBL,107,QUAD,,
1936,PI,,,OP,1,2,FAM,VFMFOR,108,QUAD,,
1937,PI,,,OP,1,2,FAM,VPFMIL,109,QUAD,,
1938,PI,,,OP,2,1,FAM,VFMTHR,103,TRIP,,
1939,PI,,,OP,2,1,FAM,VFMTRP,104,TRIP,,
1940,PI,,,OP,2,1,FAM,VFMFOR,105,TRIP,,
1941,PI,,,OP,2,1,FAM,VFMQUD,106,TRIP,,
1942,PI,,,OP,2,1,FAM,VDBDBL,107,TRIP,,
1943,PI,,,OP,2,1,FAM,VPFMIL,108,TRIP,,
1944,PI,,,OP,2,2,FAM,VFMFOR,103,QUAD,,
1945,PI,,,OP,2,2,FAM,VFMQUD,104,QUAD,,
1946,PI,,,OP,2,2,FAM,VDBDBL,105,QUAD,,
1947,PI,,,OP,2,2,FAM,VPFMIL,106,QUAD,,
1948,BB,,,OP,1,2,FAM,VFMQUD,106,QUAD,,
1949,BB,,,OP,1,2,FAM,VDBDBL,107,QUAD,,
1950,BB,,,OP,1,2,FAM,VFMFOR,108,QUAD,,
1951,BB,,,OP,1,2,FAM,VPFMIL,109,QUAD,,
1952,BB,,,OP,2,1,FAM,VFMTHR,103,TRIP,,
1953,BB,,,OP,2,1,FAM,VFMTRP,104,TRIP,,
1954,BB,,,OP,2,1,FAM,VFMFOR,105,TRIP,,
1955,BB,,,OP,2,1,FAM,VFMQUD,106,TRIP,,
1956,BB,,,OP,2,1,FAM,VDBDBL,107,TRIP,,
1957,BB,,,OP,2,1,FAM,VPFMIL,108,TRIP,,
1958,BB,,,OP,2,2,FAM,VFMFOR,103,QUAD,,
1959,BB,,,OP,2,2,FAM,VFMQUD,104,QUAD,,
1960,BB,,,OP,2,2,FAM,VDBDBL,105,QUAD,,
1961,BB,,,OP,2,2,FAM,VPFMIL,106,QUAD,,
1962,CCUI,,,OP,1,2,FAM,VFMQUD,106,QUAD,,
1963,CCUI,,,OP,1,2,FAM,VDBDBL,107,QUAD,,
1964,CCUI,,,OP,1,2,FAM,VFMFOR,108,QUAD,,
1965,CCUI,,,OP,1,2,FAM,VPFMIL,109,QUAD,,
1966,CCUI,,,OP,1,2,FAM,VFMTHR,110,TRIP,,
1967,CCUI,,,OP,1,2,FAM,VFMTRP,111,TRIP,,
1968,CCUI,,,OP,2,1,FAM,VFMTHR,103,TRIP,,
1969,CCUI,,,OP,2,1,FAM,VFMTRP,104,TRIP,,
1970,CCUI,,,OP,2,1,FAM,VFMFOR,105,TRIP,,
1971,CCUI,,,OP,2,1,FAM,VFMQUD,106,TRIP,,
1972,CCUI,,,OP,2,1,FAM,VDBDBL,107,TRIP,,
1973,CCUI,,,OP,2,1,FAM,VPFMIL,108,TRIP,,
1974,CCUI,,,OP,2,2,FAM,VFMFOR,103,QUAD,,
1975,CCUI,,,OP,2,2,FAM,VFMQUD,104,QUAD,,
1976,CCUI,,,OP,2,2,FAM,VDBDBL,105,QUAD,,
1977,CCUI,,,OP,2,2,FAM,VPFMIL,106,QUAD,,
1978,DISTR,,,OP,1,2,FAM,VFMQUD,106,QUAD,,
1979,DISTR,,,OP,1,2,FAM,VDBDBL,107,QUAD,,
1980,DISTR,,,OP,1,2,FAM,VFMFOR,108,QUAD,,
1981,DISTR,,,OP,1,2,FAM,VPFMIL,109,QUAD,,
1982,DISTR,,,OP,2,1,FAM,VFMTHR,103,TRIP,,
1983,DISTR,,,OP,2,1,FAM,VFMTRP,104,TRIP,,
1984,DISTR,,,OP,2,1,FAM,VFMFOR,105,TRIP,,
1985,DISTR,,,OP,2,1,FAM,VFMQUD,106,TRIP,,
1986,DISTR,,,OP,2,1,FAM,VDBDBL,107,TRIP,,
1987,DISTR,,,OP,2,1,FAM,VPFMIL,108,TRIP,,
1988,DISTR,,,OP,2,2,FAM,VFMFOR,103,QUAD,,
1989,DISTR,,,OP,2,2,FAM,VFMQUD,104,QUAD,,
1990,DISTR,,,OP,2,2,FAM,VDBDBL,105,QUAD,,
1991,DISTR,,,OP,2,2,FAM,VPFMIL,106,QUAD,,