enable_timestamp,disable_timestamp,vat_region,tran_code,description,pkg_code
2022-07-25,9999-12-31T23:59:59,UK,9026,Prepayment (20% VAT) Breakfast,BFADBF
2022-07-25,9999-12-31T23:59:59,IOM,9026,Prepayment (20% VAT) Breakfast,BFADBF
2022-07-25,2023-12-31T23:59:59,GERMANY,9022,Prepayment (7% VAT) Breakfast,BFADBF
2024-01-01,9999-12-31T23:59:59,GERMANY,9027,Prepayment (19% VAT) Breakfast,BFADBF
2022-07-25,2023-01-31T23:59:59,ROI,9023,Prepayment (9% VAT) Breakfast,BFADBF
2023-02-01,9999-12-31T23:59:59,ROI,9025,Prepayment (13.5% VAT) Breakfast,BFADBF
2022-07-25,9999-12-31T23:59:59,JERSEY,9021,Prepayment (5% VAT) Breakfast,BFADBF
2022-07-25,9999-12-31T23:59:59,GUERNSEY,9028,Prepayment (NO GST) Breakfast,BFADBF
2022-07-25,9999-12-31T23:59:59,UK,9026,Prepayment (20% VAT) Breakfast,INCPIB
2022-07-25,9999-12-31T23:59:59,IOM,9026,Prepayment (20% VAT) Breakfast,INCPIB
2022-07-25,2023-12-31T23:59:59,GERMANY,9022,Prepayment (7% VAT) Breakfast,INCPIB
2024-01-01,9999-12-31T23:59:59,GERMANY,9027,Prepayment (19% VAT) Breakfast,INCPIB
2022-07-25,2023-01-31T23:59:59,ROI,9023,Prepayment (9% VAT) Breakfast,INCPIB
2023-02-01,9999-12-31T23:59:59,ROI,9025,Prepayment (13.5% VAT) Breakfast,INCPIB
2022-07-25,9999-12-31T23:59:59,JERSEY,9021,Prepayment (5% VAT) Breakfast,INCPIB
2022-07-25,9999-12-31T23:59:59,GUERNSEY,9028,Prepayment (NO GST) Breakfast,INCPIB
2022-07-25,9999-12-31T23:59:59,UK,9026,Prepayment (20% VAT) Breakfast,BFADCT
2022-07-25,9999-12-31T23:59:59,IOM,9026,Prepayment (20% VAT) Breakfast,BFADCT
2022-07-25,2023-12-31T23:59:59,GERMANY,9022,Prepayment (7% VAT) Breakfast,BFADCT
2024-01-01,9999-12-31T23:59:59,GERMANY,9027,Prepayment (19% VAT) Breakfast,BFADCT
2022-07-25,2023-01-31T23:59:59,ROI,9023,Prepayment (9% VAT) Breakfast,BFADCT
2023-02-01,9999-12-31T23:59:59,ROI,9025,Prepayment (13.5% VAT) Breakfast,BFADCT
2022-07-25,9999-12-31T23:59:59,JERSEY,9021,Prepayment (5% VAT) Breakfast,BFADCT
2022-07-25,9999-12-31T23:59:59,GUERNSEY,9028,Prepayment (NO GST) Breakfast,BFADCT
2022-07-25,9999-12-31T23:59:59,UK,9026,Prepayment (20% VAT) Breakfast,INCCTB
2022-07-25,9999-12-31T23:59:59,IOM,9026,Prepayment (20% VAT) Breakfast,INCCTB
2022-07-25,2023-12-31T23:59:59,GERMANY,9022,Prepayment (7% VAT) Breakfast,INCCTB
2024-01-01,9999-12-31T23:59:59,GERMANY,9027,Prepayment (19% VAT) Breakfast,INCCTB
2022-07-25,2023-01-31T23:59:59,ROI,9023,Prepayment (9% VAT) Breakfast,INCCTB
2023-02-01,9999-12-31T23:59:59,ROI,9025,Prepayment (13.5% VAT) Breakfast,INCCTB
2022-07-25,9999-12-31T23:59:59,JERSEY,9021,Prepayment (5% VAT) Breakfast,INCCTB
2022-07-25,9999-12-31T23:59:59,GUERNSEY,9028,Prepayment (NO GST) Breakfast,INCCTB
2022-07-25,9999-12-31T23:59:59,UK,9026,Prepayment (20% VAT) Breakfast,BFCHDP
2022-07-25,9999-12-31T23:59:59,IOM,9026,Prepayment (20% VAT) Breakfast,BFCHDP
2022-07-25,2023-12-31T23:59:59,GERMANY,9022,Prepayment (7% VAT) Breakfast,BFCHDP
2024-01-01,9999-12-31T23:59:59,GERMANY,9027,Prepayment (19% VAT) Breakfast,BFCHDP
2022-07-25,2023-01-31T23:59:59,ROI,9023,Prepayment (9% VAT) Breakfast,BFCHDP
2023-02-01,9999-12-31T23:59:59,ROI,9025,Prepayment (13.5% VAT) Breakfast,BFCHDP
2022-07-25,9999-12-31T23:59:59,JERSEY,9021,Prepayment (5% VAT) Breakfast,BFCHDP
2022-07-25,9999-12-31T23:59:59,GUERNSEY,9028,Prepayment (NO GST) Breakfast,BFCHDP
2022-07-25,9999-12-31T23:59:59,UK,9026,Prepayment (20% VAT) Breakfast,OBFBOX
2022-07-25,9999-12-31T23:59:59,IOM,9026,Prepayment (20% VAT) Breakfast,OBFBOX
2022-07-25,2023-12-31T23:59:59,GERMANY,9022,Prepayment (7% VAT) Breakfast,OBFBOX
2024-01-01,9999-12-31T23:59:59,GERMANY,9027,Prepayment (19% VAT) Breakfast,OBFBOX
2022-07-25,2023-01-31T23:59:59,ROI,9023,Prepayment (9% VAT) Breakfast,OBFBOX
2023-02-01,9999-12-31T23:59:59,ROI,9025,Prepayment (13.5% VAT) Breakfast,OBFBOX
2022-07-25,9999-12-31T23:59:59,JERSEY,9021,Prepayment (5% VAT) Breakfast,OBFBOX
2022-07-25,9999-12-31T23:59:59,GUERNSEY,9028,Prepayment (NO GST) Breakfast,OBFBOX
2022-07-25,9999-12-31T23:59:59,UK,9026,Prepayment (20% VAT) Breakfast,OBFGGO
2022-07-25,9999-12-31T23:59:59,IOM,9026,Prepayment (20% VAT) Breakfast,OBFGGO
2022-07-25,2023-12-31T23:59:59,GERMANY,9022,Prepayment (7% VAT) Breakfast,OBFGGO
2024-01-01,9999-12-31T23:59:59,GERMANY,9027,Prepayment (19% VAT) Breakfast,OBFGGO
2022-07-25,2023-01-31T23:59:59,ROI,9023,Prepayment (9% VAT) Breakfast,OBFGGO
2023-02-01,9999-12-31T23:59:59,ROI,9025,Prepayment (13.5% VAT) Breakfast,OBFGGO
2022-07-25,9999-12-31T23:59:59,JERSEY,9021,Prepayment (5% VAT) Breakfast,OBFGGO
2022-07-25,9999-12-31T23:59:59,GUERNSEY,9028,Prepayment (NO GST) Breakfast,OBFGGO
2022-07-25,9999-12-31T23:59:59,UK,9026,Prepayment (20% VAT) Breakfast,INCPIO
2022-07-25,9999-12-31T23:59:59,IOM,9026,Prepayment (20% VAT) Breakfast,INCPIO
2022-07-25,2023-12-31T23:59:59,GERMANY,9022,Prepayment (7% VAT) Breakfast,INCPIO
2024-01-01,9999-12-31T23:59:59,GERMANY,9027,Prepayment (19% VAT) Breakfast,INCPIO
2022-07-25,2023-01-31T23:59:59,ROI,9023,Prepayment (9% VAT) Breakfast,INCPIO
2023-02-01,9999-12-31T23:59:59,ROI,9025,Prepayment (13.5% VAT) Breakfast,INCPIO
2022-07-25,9999-12-31T23:59:59,JERSEY,9021,Prepayment (5% VAT) Breakfast,INCPIO
2022-07-25,9999-12-31T23:59:59,GUERNSEY,9028,Prepayment (NO GST) Breakfast,INCPIO
2022-07-25,9999-12-31T23:59:59,UK,9026,Prepayment (20% VAT) Breakfast,ADDPIO
2022-07-25,9999-12-31T23:59:59,IOM,9026,Prepayment (20% VAT) Breakfast,ADDPIO
2022-07-25,2023-12-31T23:59:59,GERMANY,9022,Prepayment (7% VAT) Breakfast,ADDPIO
2024-01-01,9999-12-31T23:59:59,GERMANY,9027,Prepayment (19% VAT) Breakfast,ADDPIO
2022-07-25,2023-01-31T23:59:59,ROI,9023,Prepayment (9% VAT) Breakfast,ADDPIO
2023-02-01,9999-12-31T23:59:59,ROI,9025,Prepayment (13.5% VAT) Breakfast,ADDPIO
2022-07-25,9999-12-31T23:59:59,JERSEY,9021,Prepayment (5% VAT) Breakfast,ADDPIO
2022-07-25,9999-12-31T23:59:59,GUERNSEY,9028,Prepayment (NO GST) Breakfast,ADDPIO
2022-07-25,9999-12-31T23:59:59,UK,9026,Prepayment (20% VAT) Breakfast,ADDPIB
2022-07-25,9999-12-31T23:59:59,IOM,9026,Prepayment (20% VAT) Breakfast,ADDPIB
2022-07-25,2023-12-31T23:59:59,GERMANY,9022,Prepayment (7% VAT) Breakfast,ADDPIB
2024-01-01,9999-12-31T23:59:59,GERMANY,9027,Prepayment (19% VAT) Breakfast,ADDPIB
2022-07-25,2023-01-31T23:59:59,ROI,9023,Prepayment (9% VAT) Breakfast,ADDPIB
2023-02-01,9999-12-31T23:59:59,ROI,9025,Prepayment (13.5% VAT) Breakfast,ADDPIB
2022-07-25,9999-12-31T23:59:59,JERSEY,9021,Prepayment (5% VAT) Breakfast,ADDPIB
2022-07-25,9999-12-31T23:59:59,GUERNSEY,9028,Prepayment (NO GST) Breakfast,ADDPIB
2022-07-25,9999-12-31T23:59:59,UK,9026,Prepayment (20% VAT) Breakfast,ADDCTB
2022-07-25,9999-12-31T23:59:59,IOM,9026,Prepayment (20% VAT) Breakfast,ADDCTB
2022-07-25,2023-12-31T23:59:59,GERMANY,9022,Prepayment (7% VAT) Breakfast,ADDCTB
2024-01-01,9999-12-31T23:59:59,GERMANY,9027,Prepayment (19% VAT) Breakfast,ADDCTB
2022-07-25,2023-01-31T23:59:59,ROI,9023,Prepayment (9% VAT) Breakfast,ADDCTB
2023-02-01,9999-12-31T23:59:59,ROI,9025,Prepayment (13.5% VAT) Breakfast,ADDCTB
2022-07-25,9999-12-31T23:59:59,JERSEY,9021,Prepayment (5% VAT) Breakfast,ADDCTB
2022-07-25,9999-12-31T23:59:59,GUERNSEY,9028,Prepayment (NO GST) Breakfast,ADDCTB
2022-07-25,9999-12-31T23:59:59,GERMANY,9027,Prepayment (19% VAT) Breakfast,PIBBEV
2022-07-25,9999-12-31T23:59:59,GERMANY,9027,Prepayment (19% VAT) Breakfast,INCBEV
2022-07-25,9999-12-31T23:59:59,GERMANY,9027,Prepayment (19% VAT) Breakfast,CTBBEV
2022-07-25,9999-12-31T23:59:59,GERMANY,9027,Prepayment (19% VAT) Breakfast,INCCBV
2022-07-25,9999-12-31T23:59:59,GERMANY,9027,Prepayment (19% VAT) Breakfast,CHBBEV
2022-07-25,9999-12-31T23:59:59,GERMANY,9027,Prepayment (19% VAT) Breakfast,BXBEV
2022-07-25,9999-12-31T23:59:59,GERMANY,9027,Prepayment (19% VAT) Breakfast,GOBBEV
2022-07-25,9999-12-31T23:59:59,GERMANY,9027,Prepayment (19% VAT) Breakfast,ADDBEV
2022-07-25,9999-12-31T23:59:59,GERMANY,9027,Prepayment (19% VAT) Breakfast,INCBVO
2022-07-25,9999-12-31T23:59:59,GERMANY,9027,Prepayment (19% VAT) Breakfast,ADDBVO
2022-07-25,9999-12-31T23:59:59,GERMANY,9027,Prepayment (19% VAT) Breakfast,ADDCBV
2022-07-25,9999-12-31T23:59:59,UK,9026,Prepayment (20% VAT) Breakfast,BFCHDF
2022-07-25,9999-12-31T23:59:59,IOM,9026,Prepayment (20% VAT) Breakfast,BFCHDF
2022-07-25,2023-12-31T23:59:59,GERMANY,9022,Prepayment (7% VAT) Breakfast,BFCHDF
2024-01-01,9999-12-31T23:59:59,GERMANY,9027,Prepayment (19% VAT) Breakfast,BFCHDF
2022-07-25,2023-01-31T23:59:59,ROI,9023,Prepayment (9% VAT) Breakfast,BFCHDF
2023-02-01,9999-12-31T23:59:59,ROI,9025,Prepayment (13.5% VAT) Breakfast,BFCHDF
2022-07-25,9999-12-31T23:59:59,JERSEY,9021,Prepayment (5% VAT) Breakfast,BFCHDF
2022-07-25,9999-12-31T23:59:59,GUERNSEY,9028,Prepayment (NO GST) Breakfast,BFCHDF
2022-07-25,9999-12-31T23:59:59,UK,9026,Prepayment (20% VAT) Breakfast,INCCBF
2022-07-25,9999-12-31T23:59:59,IOM,9026,Prepayment (20% VAT) Breakfast,INCCBF
2022-07-25,2023-12-31T23:59:59,GERMANY,9022,Prepayment (7% VAT) Breakfast,INCCBF
2024-01-01,9999-12-31T23:59:59,GERMANY,9027,Prepayment (19% VAT) Breakfast,INCCBF
2022-07-25,2023-01-31T23:59:59,ROI,9023,Prepayment (9% VAT) Breakfast,INCCBF
2023-02-01,9999-12-31T23:59:59,ROI,9025,Prepayment (13.5% VAT) Breakfast,INCCBF
2022-07-25,9999-12-31T23:59:59,JERSEY,9021,Prepayment (5% VAT) Breakfast,INCCBF
2022-07-25,9999-12-31T23:59:59,GUERNSEY,9028,Prepayment (NO GST) Breakfast,INCCBF
2022-07-25,9999-12-31T23:59:59,UK,9026,Prepayment (20% VAT) Breakfast,OBFCOM
2022-07-25,9999-12-31T23:59:59,IOM,9026,Prepayment (20% VAT) Breakfast,OBFCOM
2022-07-25,2023-12-31T23:59:59,GERMANY,9022,Prepayment (7% VAT) Breakfast,OBFCOM
2024-01-01,9999-12-31T23:59:59,GERMANY,9027,Prepayment (19% VAT) Breakfast,OBFCOM
2022-07-25,2023-01-31T23:59:59,ROI,9023,Prepayment (9% VAT) Breakfast,OBFCOM
2023-02-01,9999-12-31T23:59:59,ROI,9025,Prepayment (13.5% VAT) Breakfast,OBFCOM
2022-07-25,9999-12-31T23:59:59,JERSEY,9021,Prepayment (5% VAT) Breakfast,OBFCOM
2022-07-25,9999-12-31T23:59:59,GUERNSEY,9028,Prepayment (NO GST) Breakfast,OBFCOM
2022-07-25,9999-12-31T23:59:59,UK,9026,Prepayment (20% VAT) Breakfast,OBFADS
2022-07-25,9999-12-31T23:59:59,IOM,9026,Prepayment (20% VAT) Breakfast,OBFADS
2022-07-25,2023-12-31T23:59:59,GERMANY,9022,Prepayment (7% VAT) Breakfast,OBFADS
2024-01-01,9999-12-31T23:59:59,GERMANY,9027,Prepayment (19% VAT) Breakfast,OBFADS
2022-07-25,2023-01-31T23:59:59,ROI,9023,Prepayment (9% VAT) Breakfast,OBFADS
2023-02-01,9999-12-31T23:59:59,ROI,9025,Prepayment (13.5% VAT) Breakfast,OBFADS
2022-07-25,9999-12-31T23:59:59,JERSEY,9021,Prepayment (5% VAT) Breakfast,OBFADS
2022-07-25,9999-12-31T23:59:59,GUERNSEY,9028,Prepayment (NO GST) Breakfast,OBFADS
2022-07-25,9999-12-31T23:59:59,GERMANY,9020,Prepayment (OOS VAT) Breakfast,XCOMBF
2022-07-25,9999-12-31T23:59:59,GERMANY,9030,Prepayment (OOS VAT) WIFI,XCOMFI
2022-07-25,9999-12-31T23:59:59,GERMANY,9040,Prepayment (OOS VAT) Car Park,XCOMPK
2022-07-25,9999-12-31T23:59:59,UK,9056,Prepayment (20% VAT) Meal Deal,MDBFST
2022-07-25,9999-12-31T23:59:59,IOM,9056,Prepayment (20% VAT) Meal Deal,MDBFST
2022-07-25,2023-12-31T23:59:59,GERMANY,9052,Prepayment (7% VAT) Meal Deal,MDBFST
2024-01-01,9999-12-31T23:59:59,GERMANY,9027,Prepayment (19% VAT) Breakfast,MDBFST
2022-07-25,2023-01-31T23:59:59,ROI,9053,Prepayment (9% VAT) Meal Deal,MDBFST
2023-02-01,9999-12-31T23:59:59,ROI,9055,Prepayment (13.5% VAT) Meal Deal,MDBFST
2022-07-25,9999-12-31T23:59:59,JERSEY,9051,Prepayment (5% VAT) Meal Deal,MDBFST
2022-07-25,9999-12-31T23:59:59,GUERNSEY,9058,Prepayment (NO GST) Meal Deal,MDBFST
2022-07-25,9999-12-31T23:59:59,UK,9056,Prepayment (20% VAT) Meal Deal,MD2DIN
2022-07-25,9999-12-31T23:59:59,IOM,9056,Prepayment (20% VAT) Meal Deal,MD2DIN
2022-07-25,2023-12-31T23:59:59,GERMANY,9052,Prepayment (7% VAT) Meal Deal,MD2DIN
2024-01-01,9999-12-31T23:59:59,GERMANY,9027,Prepayment (19% VAT) Breakfast,MD2DIN
2022-07-25,2023-01-31T23:59:59,ROI,9053,Prepayment (9% VAT) Meal Deal,MD2DIN
2023-02-01,9999-12-31T23:59:59,ROI,9055,Prepayment (13.5% VAT) Meal Deal,MD2DIN
2022-07-25,9999-12-31T23:59:59,JERSEY,9051,Prepayment (5% VAT) Meal Deal,MD2DIN
2022-07-25,9999-12-31T23:59:59,GUERNSEY,9058,Prepayment (NO GST) Meal Deal,MD2DIN
2022-07-25,9999-12-31T23:59:59,UK,9056,Prepayment (20% VAT) Meal Deal,MDBEVA
2022-07-25,9999-12-31T23:59:59,IOM,9056,Prepayment (20% VAT) Meal Deal,MDBEVA
2022-07-25,2023-12-31T23:59:59,GERMANY,9059,Prepayment (19% VAT) Meal Deal,MDBEVA
2024-01-01,9999-12-31T23:59:59,GERMANY,9059,Prepayment (19% VAT) Meal Deal,MDBEVA
2022-07-25,2023-01-31T23:59:59,ROI,9057,Prepayment (23% VAT) Meal Deal,MDBEVA
2023-02-01,9999-12-31T23:59:59,ROI,9057,Prepayment (23% VAT) Meal Deal,MDBEVA
2022-07-25,9999-12-31T23:59:59,JERSEY,9051,Prepayment (5% VAT) Meal Deal,MDBEVA
2022-07-25,9999-12-31T23:59:59,GUERNSEY,9058,Prepayment (NO GST) Meal Deal,MDBEVA
2022-07-25,2023-12-31T23:59:59,GERMANY,9027,Prepayment (19% VAT) Breakfast,MDBFBV
2022-07-25,9999-12-31T23:59:59,UK,9033,Prepayment (20% VAT) WIFI,FIFR24
2022-07-25,9999-12-31T23:59:59,IOM,9033,Prepayment (20% VAT) WIFI,FIFR24
2022-07-25,9999-12-31T23:59:59,GERMANY,9032,Prepayment (19% VAT) WIFI,FIFR24
2022-07-25,9999-12-31T23:59:59,ROI,9034,Prepayment (23% VAT) WIFI,FIFR24
2022-07-25,9999-12-31T23:59:59,JERSEY,9031,Prepayment (5% VAT) WIFI,FIFR24
2022-07-25,9999-12-31T23:59:59,GUERNSEY,9035,Prepayment (NO GST) WIFI,FIFR24
2022-07-25,9999-12-31T23:59:59,UK,9033,Prepayment (20% VAT) WIFI,FI24HR
2022-07-25,9999-12-31T23:59:59,IOM,9033,Prepayment (20% VAT) WIFI,FI24HR
2022-07-25,9999-12-31T23:59:59,GERMANY,9032,Prepayment (19% VAT) WIFI,FI24HR
2022-07-25,9999-12-31T23:59:59,ROI,9034,Prepayment (23% VAT) WIFI,FI24HR
2022-07-25,9999-12-31T23:59:59,JERSEY,9031,Prepayment (5% VAT) WIFI,FI24HR
2022-07-25,9999-12-31T23:59:59,GUERNSEY,9035,Prepayment (NO GST) WIFI,FI24HR
2022-07-25,9999-12-31T23:59:59,UK,9033,Prepayment (20% VAT) WIFI,FI7DAY
2022-07-25,9999-12-31T23:59:59,IOM,9033,Prepayment (20% VAT) WIFI,FI7DAY
2022-07-25,9999-12-31T23:59:59,GERMANY,9032,Prepayment (19% VAT) WIFI,FI7DAY
2022-07-25,9999-12-31T23:59:59,ROI,9034,Prepayment (23% VAT) WIFI,FI7DAY
2022-07-25,9999-12-31T23:59:59,JERSEY,9031,Prepayment (5% VAT) WIFI,FI7DAY
2022-07-25,9999-12-31T23:59:59,GUERNSEY,9035,Prepayment (NO GST) WIFI,FI7DAY
2022-07-25,9999-12-31T23:59:59,UK,9071,Prepayment (OOS VAT) Charity,ZCHRY1
2022-07-25,9999-12-31T23:59:59,IOM,9071,Prepayment (OOS VAT) Charity,ZCHRY1
2022-07-25,9999-12-31T23:59:59,GERMANY,9071,Prepayment (OOS VAT) Charity,ZCHRY1
2022-07-25,9999-12-31T23:59:59,ROI,9071,Prepayment (OOS VAT) Charity,ZCHRY1
2022-07-25,9999-12-31T23:59:59,JERSEY,9071,Prepayment (OOS VAT) Charity,ZCHRY1
2022-07-25,9999-12-31T23:59:59,GUERNSEY,9070,Prepayment (No GST) Charity,ZCHRY1
2022-07-25,9999-12-31T23:59:59,UK,9071,Prepayment (OOS VAT) Charity,ZCHRY2
2022-07-25,9999-12-31T23:59:59,IOM,9071,Prepayment (OOS VAT) Charity,ZCHRY2
2022-07-25,9999-12-31T23:59:59,GERMANY,9071,Prepayment (OOS VAT) Charity,ZCHRY2
2022-07-25,9999-12-31T23:59:59,ROI,9071,Prepayment (OOS VAT) Charity,ZCHRY2
2022-07-25,9999-12-31T23:59:59,JERSEY,9071,Prepayment (OOS VAT) Charity,ZCHRY2
2022-07-25,9999-12-31T23:59:59,GUERNSEY,9070,Prepayment (No GST) Charity,ZCHRY2
2022-07-25,9999-12-31T23:59:59,UK,9071,Prepayment (OOS VAT) Charity,ZCHRY3
2022-07-25,9999-12-31T23:59:59,IOM,9071,Prepayment (OOS VAT) Charity,ZCHRY3
2022-07-25,9999-12-31T23:59:59,GERMANY,9071,Prepayment (OOS VAT) Charity,ZCHRY3
2022-07-25,9999-12-31T23:59:59,ROI,9071,Prepayment (OOS VAT) Charity,ZCHRY3
2022-07-25,9999-12-31T23:59:59,JERSEY,9071,Prepayment (OOS VAT) Charity,ZCHRY3
2022-07-25,9999-12-31T23:59:59,GUERNSEY,9070,Prepayment (No GST) Charity,ZCHRY3
2022-07-25,9999-12-31T23:59:59,UK,9071,Prepayment (OOS VAT) Charity,ZCHRY4
2022-07-25,9999-12-31T23:59:59,IOM,9071,Prepayment (OOS VAT) Charity,ZCHRY4
2022-07-25,9999-12-31T23:59:59,GERMANY,9071,Prepayment (OOS VAT) Charity,ZCHRY4
2022-07-25,9999-12-31T23:59:59,ROI,9071,Prepayment (OOS VAT) Charity,ZCHRY4
2022-07-25,9999-12-31T23:59:59,JERSEY,9071,Prepayment (OOS VAT) Charity,ZCHRY4
2022-07-25,9999-12-31T23:59:59,GUERNSEY,9070,Prepayment (No GST) Charity,ZCHRY4
2022-07-25,9999-12-31T23:59:59,UK,9071,Prepayment (OOS VAT) Charity,ZCHRY5
2022-07-25,9999-12-31T23:59:59,IOM,9071,Prepayment (OOS VAT) Charity,ZCHRY5
2022-07-25,9999-12-31T23:59:59,GERMANY,9071,Prepayment (OOS VAT) Charity,ZCHRY5
2022-07-25,9999-12-31T23:59:59,ROI,9071,Prepayment (OOS VAT) Charity,ZCHRY5
2022-07-25,9999-12-31T23:59:59,JERSEY,9071,Prepayment (OOS VAT) Charity,ZCHRY5
2022-07-25,9999-12-31T23:59:59,GUERNSEY,9070,Prepayment (No GST) Charity,ZCHRY5
2022-07-25,9999-12-31T23:59:59,UK,9071,Prepayment (OOS VAT) Charity,ZCHRY6
2022-07-25,9999-12-31T23:59:59,IOM,9071,Prepayment (OOS VAT) Charity,ZCHRY6
2022-07-25,2023-12-31T23:59:59,GERMANY,9071,Prepayment (OOS VAT) Charity,ZCHRY6
2024-01-01,9999-12-31T23:59:59,GERMANY,9071,Prepayment (OOS VAT) Charity,ZCHRY6
2022-07-25,2023-01-31T23:59:59,ROI,9071,Prepayment (OOS VAT) Charity,ZCHRY6
2023-02-01,9999-12-31T23:59:59,ROI,9070,Prepayment (No GST) Charity,ZCHRY6
2022-07-25,9999-12-31T23:59:59,JERSEY,9071,Prepayment (OOS VAT) Charity,ZCHRY6
2022-07-25,9999-12-31T23:59:59,GUERNSEY,9071,Prepayment (OOS VAT) Charity,ZCHRY6
2022-07-25,9999-12-31T23:59:59,UK,9071,Prepayment (OOS VAT) Charity,ZCHRY7
2022-07-25,9999-12-31T23:59:59,IOM,9071,Prepayment (OOS VAT) Charity,ZCHRY7
2022-07-25,2023-12-31T23:59:59,GERMANY,9071,Prepayment (OOS VAT) Charity,ZCHRY7
2024-01-01,9999-12-31T23:59:59,GERMANY,9070,Prepayment (No GST) Charity,ZCHRY7
2022-07-25,2023-01-31T23:59:59,ROI,9071,Prepayment (OOS VAT) Charity,ZCHRY7
2023-02-01,9999-12-31T23:59:59,ROI,9071,Prepayment (OOS VAT) Charity,ZCHRY7
2022-07-25,9999-12-31T23:59:59,JERSEY,9071,Prepayment (OOS VAT) Charity,ZCHRY7
2022-07-25,9999-12-31T23:59:59,GUERNSEY,9071,Prepayment (OOS VAT) Charity,ZCHRY7
2022-07-25,9999-12-31T23:59:59,UK,9071,Prepayment (OOS VAT) Charity,ZCHRY8
2022-07-25,9999-12-31T23:59:59,IOM,9070,Prepayment (No GST) Charity,ZCHRY8
2022-07-25,2023-12-31T23:59:59,GERMANY,9071,Prepayment (OOS VAT) Charity,ZCHRY8
2024-01-01,9999-12-31T23:59:59,GERMANY,9071,Prepayment (OOS VAT) Charity,ZCHRY8
2022-07-25,2023-01-31T23:59:59,ROI,9071,Prepayment (OOS VAT) Charity,ZCHRY8
2023-02-01,9999-12-31T23:59:59,ROI,9071,Prepayment (OOS VAT) Charity,ZCHRY8
2022-07-25,9999-12-31T23:59:59,JERSEY,9071,Prepayment (OOS VAT) Charity,ZCHRY8
2022-07-25,9999-12-31T23:59:59,GUERNSEY,9070,Prepayment (No GST) Charity,ZCHRY8
2022-07-25,9999-12-31T23:59:59,UK,9043,Prepayment (20% VAT) Car Park,CARPRK
2022-07-25,9999-12-31T23:59:59,IOM,9043,Prepayment (20% VAT) Car Park,CARPRK
2022-07-25,9999-12-31T23:59:59,GERMANY,9042,Prepayment (19% VAT) Car Park,CARPRK
2022-07-25,9999-12-31T23:59:59,ROI,9044,Prepayment (23% VAT) Car Park,CARPRK
2022-07-25,9999-12-31T23:59:59,JERSEY,9041,Prepayment (5% VAT) Car Park,CARPRK
2022-07-25,9999-12-31T23:59:59,GUERNSEY,9045,Prepayment (No GST) Car Park,CARPRK
2022-07-25,9999-12-31T23:59:59,UK,9043,Prepayment (20% VAT) Car Park,SUNAIR
2022-07-25,9999-12-31T23:59:59,IOM,9043,Prepayment (20% VAT) Car Park,SUNAIR
2022-07-25,9999-12-31T23:59:59,GERMANY,9042,Prepayment (19% VAT) Car Park,SUNAIR
2022-07-25,9999-12-31T23:59:59,ROI,9044,Prepayment (23% VAT) Car Park,SUNAIR
2022-07-25,9999-12-31T23:59:59,JERSEY,9041,Prepayment (5% VAT) Car Park,SUNAIR
2022-07-25,9999-12-31T23:59:59,GUERNSEY,9045,Prepayment (No GST) Car Park,SUNAIR
2022-07-25,9999-12-31T23:59:59,UK,9016,Prepayment (20% VAT) Accommodation,HSATWN
2022-07-25,9999-12-31T23:59:59,IOM,9016,Prepayment (20% VAT) Accommodation,HSATWN
2022-07-25,9999-12-31T23:59:59,GERMANY,9012,Prepayment (7% VAT) Accommodation,HSATWN
2022-07-25,2023-01-31T23:59:59,ROI,9013,Prepayment (9% VAT) Accommodation,HSATWN
2023-02-01,9999-12-31T23:59:59,ROI,9015,Prepayment (13.5% VAT) Accommodation,HSATWN
2022-07-25,9999-12-31T23:59:59,JERSEY,9011,Prepayment (5% VAT) Accommodation,HSATWN
2022-07-25,9999-12-31T23:59:59,GUERNSEY,9017,Prepayment (NO GST) Accommodation,HSATWN
2022-07-25,9999-12-31T23:59:59,UK,9016,Prepayment (20% VAT) Accommodation,HSCKIN
2022-07-25,9999-12-31T23:59:59,IOM,9016,Prepayment (20% VAT) Accommodation,HSCKIN
2022-07-25,9999-12-31T23:59:59,GERMANY,9012,Prepayment (7% VAT) Accommodation,HSCKIN
2022-07-25,2023-01-31T23:59:59,ROI,9013,Prepayment (9% VAT) Accommodation,HSCKIN
2023-02-01,9999-12-31T23:59:59,ROI,9015,Prepayment (13.5% VAT) Accommodation,HSCKIN
2022-07-25,9999-12-31T23:59:59,JERSEY,9011,Prepayment (5% VAT) Accommodation,HSCKIN
2022-07-25,9999-12-31T23:59:59,GUERNSEY,9017,Prepayment (NO GST) Accommodation,HSCKIN
2022-07-25,9999-12-31T23:59:59,UK,9016,Prepayment (20% VAT) Accommodation,HSCOU2
2022-07-25,9999-12-31T23:59:59,IOM,9016,Prepayment (20% VAT) Accommodation,HSCOU2
2022-07-25,9999-12-31T23:59:59,GERMANY,9012,Prepayment (7% VAT) Accommodation,HSCOU2
2022-07-25,2023-01-31T23:59:59,ROI,9013,Prepayment (9% VAT) Accommodation,HSCOU2
2023-02-01,9999-12-31T23:59:59,ROI,9015,Prepayment (13.5% VAT) Accommodation,HSCOU2
2022-07-25,9999-12-31T23:59:59,JERSEY,9011,Prepayment (5% VAT) Accommodation,HSCOU2
2022-07-25,9999-12-31T23:59:59,GUERNSEY,9017,Prepayment (NO GST) Accommodation,HSCOU2
2022-07-25,9999-12-31T23:59:59,UK,9016,Prepayment (20% VAT) Accommodation,HSCOU4
2022-07-25,9999-12-31T23:59:59,IOM,9016,Prepayment (20% VAT) Accommodation,HSCOU4
2022-07-25,9999-12-31T23:59:59,GERMANY,9012,Prepayment (7% VAT) Accommodation,HSCOU4
2022-07-25,2023-01-31T23:59:59,ROI,9013,Prepayment (9% VAT) Accommodation,HSCOU4
2023-02-01,9999-12-31T23:59:59,ROI,9015,Prepayment (13.5% VAT) Accommodation,HSCOU4
2022-07-25,9999-12-31T23:59:59,JERSEY,9011,Prepayment (5% VAT) Accommodation,HSCOU4
2022-07-25,9999-12-31T23:59:59,GUERNSEY,9017,Prepayment (NO GST) Accommodation,HSCOU4
2022-07-25,9999-12-31T23:59:59,GERMANY,9060,Prepayment (0% VAT) City Tax,CITYTAX
2022-07-25,9999-12-31T23:59:59,GERMANY,9061,Prepayment (5% VAT) City Tax,CITYTAX
2022-07-25,9999-12-31T23:59:59,GERMANY,9062,Prepayment (7% VAT) City Tax,CITYTAX