enable_timestamp,disable_timestamp,vat_region,tran_code,description,pkg_code,vat_bearing
2022-07-25,9999-12-31T23:59:59,DE,9027,Prepayment (19% VAT) Breakfast,MDBFBV,true
2026-01-01,9999-12-31T23:59:59,DE,9052,Prepayment (7% VAT) Meal Deal,MD2DIN,true
2026-01-01,9999-12-31T23:59:59,DE,9052,Prepayment (7% VAT) Meal Deal,MDBFST,true
2026-01-01,9999-12-31T23:59:59,DE,9022,Prepayment (7% VAT) Breakfast,BFADBF,true
2026-01-01,9999-12-31T23:59:59,DE,9022,Prepayment (7% VAT) Breakfast,INCPIB,true
2026-01-01,9999-12-31T23:59:59,DE,9022,Prepayment (7% VAT) Breakfast,BFADCT,true
2026-01-01,9999-12-31T23:59:59,DE,9022,Prepayment (7% VAT) Breakfast,INCCTB,true
2026-01-01,9999-12-31T23:59:59,DE,9022,Prepayment (7% VAT) Breakfast,BFCHDP,true
2026-01-01,9999-12-31T23:59:59,DE,9022,Prepayment (7% VAT) Breakfast,ADDPIB,true
2026-01-01,9999-12-31T23:59:59,DE,9022,Prepayment (7% VAT) Breakfast,ADDCTB,true
2026-01-01,9999-12-31T23:59:59,DE,9022,Prepayment (7% VAT) Breakfast,BFCHDF,true
2026-01-01,9999-12-31T23:59:59,DE,9022,Prepayment (7% VAT) Breakfast,INCCBF,true
2026-01-01,9999-12-31T23:59:59,DE,9022,Prepayment (7% VAT) Breakfast,OBFCOM,true
2026-01-01,9999-12-31T23:59:59,DE,9022,Prepayment (7% VAT) Breakfast,OBFADS,true
2026-01-01,9999-12-31T23:59:59,DE,9022,Prepayment (7% VAT) Breakfast,OBFGRF,true
2026-01-01,9999-12-31T23:59:59,DE,9022,Prepayment (7% VAT) Breakfast,INCFCP,true
2026-01-01,9999-12-31T23:59:59,DE,9022,Prepayment (7% VAT) Breakfast,BFGROL,true
2026-01-01,9999-12-31T23:59:59,DE,9022,Prepayment (7% VAT) Breakfast,OBFPRO,true
2026-01-01,9999-12-31T23:59:59,DE,9022,Prepayment (7% VAT) Breakfast,OBFBRK,true