"DESCRIPTION","DURATION IN MS","NAME","PARENT SUITE","START TIME","STATUS","STOP TIME","SUB SUITE","SUITE","TEST CLASS","TEST METHOD"
"","2","multiple email generations using crypto.randomUUID produce unique values","regressions","2026-10-05","passed","2026-10-05","Chrome: Property 8: Test Idempotency","pi","",""
"","18707","Hotel search returns availability results @regression @TC-812","regressions","2026-10-05","failed","2026-10-05","Chrome: PI Regression Pack","pi","",""
"","2","GuestData.CHECK_IN_DATE is a valid ISO date 3 days from today","regressions","2026-10-05","passed","2026-10-05","Chrome: Property 8: Test Idempotency","pi","",""
"","384","should click Continue and proceed when the bathroom interstitial IS present","regressions","2026-10-05","passed","2026-10-05","Chrome: Property 9: Optional Page Resilience - skipBathroomSelectionIfPresent()","pi","",""
"","3426","confirmPayment() handles the ""displayed with manual redirect"" path","regressions","2026-10-05","passed","2026-10-05","Chrome: Property 7: 3D Secure Handling Completeness","pi","",""
"","4","PaymentPage ordering invariant: selectNewBusinessAccountCard must be called before selectPayOnArrival","regressions","2026-10-05","passed","2026-10-05","Chrome: Property 3: Payment Type Selection Order","pi","",""
"","6862","should search for a hotel by name","regressions","2026-10-05","passed","2026-10-05","Chrome: PI Homepage - Search Console","pi","",""
"","801","PaymentDetailsPage.fillCardDetails does not interact with any CVV field","regressions","2026-10-05","passed","2026-10-05","Chrome: Property 6: PIBA Card No-CVV Invariant","pi","",""
"","7","GuestInfo and GuestAddress data structures have all required fields for form filling","regressions","2026-10-05","passed","2026-10-05","Chrome: Property 2: Guest Details Persistence","pi","",""
"","2","Cards.DEFAULT_PIBA_CARD has code as undefined (CVV not set)","regressions","2026-10-05","passed","2026-10-05","Chrome: Property 6: PIBA Card No-CVV Invariant","pi","",""
"","2","PaymentPage exposes selectNewBusinessAccountCard as an async method","regressions","2026-10-05","passed","2026-10-05","Chrome: Property 3: Payment Type Selection Order","pi","",""
"","2","GuestData.CHECK_OUT_DATE is a valid ISO date 4 days from today","regressions","2026-10-05","passed","2026-10-05","Chrome: Property 8: Test Idempotency","pi","",""
"","15247","confirmPayment() returns without error when 3DS is NOT displayed (no submit button)","regressions","2026-10-05","passed","2026-10-05","Chrome: Property 7: 3D Secure Handling Completeness","pi","",""
"","24137","TC-468889: Guest user books UK hotel with PIBA Pay on Arrival","regressions","2026-10-05","failed","2026-10-05","Chrome: TC-468889: Guest PIBA Pay on Arrival Booking","pi","",""
"","202","validatePage() is an async method with extended 120s timeout","regressions","2026-10-05","passed","2026-10-05","Chrome: Property 5: Confirm Booking Integrity","pi","",""
"","202","ConfirmBookingPage exposes totalCostAmount locator","regressions","2026-10-05","passed","2026-10-05","Chrome: Property 5: Confirm Booking Integrity","pi","",""
"","406","confirmPayment() handles the ""displayed with auto-redirect"" path","regressions","2026-10-05","passed","2026-10-05","Chrome: Property 7: 3D Secure Handling Completeness","pi","",""
"","3","GuestData.GUEST_ADDRESS country code is a 2-letter ISO code","regressions","2026-10-05","passed","2026-10-05","Chrome: Property 2: Guest Details Persistence","pi","",""
"","3","ThreeDSecurePage.confirmPayment() method exists and is async","regressions","2026-10-05","passed","2026-10-05","Chrome: Property 7: 3D Secure Handling Completeness","pi","",""
"","279","confirmation integrity: both totalCostAmount and bookingReference must be simultaneously visible","regressions","2026-10-05","passed","2026-10-05","Chrome: Property 5: Confirm Booking Integrity","pi","",""
"","2","GuestData.GUEST_INFO.emailAddress is a valid email format","regressions","2026-10-05","passed","2026-10-05","Chrome: Property 8: Test Idempotency","pi","",""
"","178775","Test Amend, Logged in user: shorten period and verify changes. TestCase ID: 266200.","regressions","2026-10-05","failed","2026-10-05","Chrome: End2end: Amend, Logged in user, PI UK Hotel, Semi-Flex, pay now, shorten period","pi","",""
"","53739","Test Book as Guest user: 1 night, 1 room (Double), 2 adults, Flex rate, meals, donations - POA BAC card and Amend by change room type. TestCase ID: 380779.","regressions","2026-10-05","failed","2026-10-05","Chrome: PI Baseline E2E - Guest PIBA Pay on Arrival Amendment","pi","",""
"","8","GuestData.GUEST_ADDRESS has all required address fields as non-empty strings","regressions","2026-10-05","passed","2026-10-05","Chrome: Property 2: Guest Details Persistence","pi","",""
"","232","PaymentDetailsPage uses frameLocator to create the iframe context","regressions","2026-10-05","passed","2026-10-05","Chrome: Property 4: Iframe Context Isolation","pi","",""
"","1","CardDetails interface makes code optional (PIBA card satisfies interface without code)","regressions","2026-10-05","passed","2026-10-05","Chrome: Property 6: PIBA Card No-CVV Invariant","pi","",""
"","13","GuestData.GUEST_INFO has all required booker information fields as non-empty strings","regressions","2026-10-05","passed","2026-10-05","Chrome: Property 2: Guest Details Persistence","pi","",""
"","1","PIBA card cardSchemeId is ""PI""","regressions","2026-10-05","passed","2026-10-05","Chrome: Property 6: PIBA Card No-CVV Invariant","pi","",""
"","15388","should complete within a reasonable time when the interstitial is not present","regressions","2026-10-05","failed","2026-10-05","Chrome: Property 9: Optional Page Resilience - skipBathroomSelectionIfPresent()","pi","",""
"","3","GuestData.GUEST_INFO.emailAddress contains a UUID pattern","regressions","2026-10-05","passed","2026-10-05","Chrome: Property 8: Test Idempotency","pi","",""
"","401","card input locators are not accessible from the main page frame","regressions","2026-10-05","passed","2026-10-05","Chrome: Property 4: Iframe Context Isolation","pi","",""
"","3","PaymentPage exposes selectPayOnArrival as an async method","regressions","2026-10-05","passed","2026-10-05","Chrome: Property 3: Payment Type Selection Order","pi","",""
"","2","GuestData.GUEST_INFO.emailAddress ends with @mailinator.com","regressions","2026-10-05","passed","2026-10-05","Chrome: Property 8: Test Idempotency","pi","",""
"","2","PaymentDetailsPage does NOT define any CVV/security code locator","regressions","2026-10-05","passed","2026-10-05","Chrome: Property 6: PIBA Card No-CVV Invariant","pi","",""
"","511","should handle the interstitial appearing and being clicked successfully","regressions","2026-10-05","passed","2026-10-05","Chrome: Property 9: Optional Page Resilience - skipBathroomSelectionIfPresent()","pi","",""
"","1","PaymentPage class has both payment selection methods required for the ordering constraint","regressions","2026-10-05","passed","2026-10-05","Chrome: Property 3: Payment Type Selection Order","pi","",""
"","2","Cards.PIBA_TEST has code as undefined (CVV not set)","regressions","2026-10-05","passed","2026-10-05","Chrome: Property 6: PIBA Card No-CVV Invariant","pi","",""
"","1695","Hotels.DEFAULT_HOTEL has Flex rate availability for check-in/check-out dates","regressions","2026-10-05","passed","2026-10-05","Chrome: Hotel Availability API Check","pi","",""
"","4","GuestData.GUEST_INFO email address matches valid email format","regressions","2026-10-05","passed","2026-10-05","Chrome: Property 2: Guest Details Persistence","pi","",""
"","1","GuestData.GUEST_INFO.emailAddress differs from a freshly generated email","regressions","2026-10-05","passed","2026-10-05","Chrome: Property 8: Test Idempotency","pi","",""
"","4321","Manage Booking modal opens from header @regression @TC-811","regressions","2026-10-05","passed","2026-10-05","Chrome: PI Regression Pack","pi","",""
"","285","totalCostAmount and bookingReference locators can be asserted with toBeVisible pattern","regressions","2026-10-05","passed","2026-10-05","Chrome: Property 5: Confirm Booking Integrity","pi","",""
"","7068","should load the PI homepage successfully","regressions","2026-10-05","passed","2026-10-05","Chrome: PI Homepage - Search Console","pi","",""
"","259","card input locators are scoped within the payment iframe context","regressions","2026-10-05","passed","2026-10-05","Chrome: Property 4: Iframe Context Isolation","pi","",""
"","2","GuestData.GUEST_ADDRESS postal code matches valid UK postcode format","regressions","2026-10-05","passed","2026-10-05","Chrome: Property 2: Guest Details Persistence","pi","",""
"","185","ConfirmBookingPage exposes bookingReference locator","regressions","2026-10-05","passed","2026-10-05","Chrome: Property 5: Confirm Booking Integrity","pi","",""
"","3690","Homepage loads successfully @smoke @TC-805","smoke","2026-10-05","passed","2026-10-05","Chrome: PI Smoke Pack","pi","",""
"","1","PIBA card type is ""PIBA""","regressions","2026-10-05","passed","2026-10-05","Chrome: Property 6: PIBA Card No-CVV Invariant","pi","",""
"","214","PaymentDetailsPage defines paymentIframe as a FrameLocator","regressions","2026-10-05","passed","2026-10-05","Chrome: Property 4: Iframe Context Isolation","pi","",""
"","1","GuestData.CHECK_IN_DATE and GuestData.CHECK_OUT_DATE have a 1-night gap","regressions","2026-10-05","passed","2026-10-05","Chrome: Property 8: Test Idempotency","pi","",""
"","2194","validatePage() uses 120s extended timeout for page load","regressions","2026-10-05","passed","2026-10-05","Chrome: Property 5: Confirm Booking Integrity","pi","",""
"","322","should not throw and proceed when the bathroom interstitial is NOT present","regressions","2026-10-05","failed","2026-10-05","Chrome: Property 9: Optional Page Resilience - skipBathroomSelectionIfPresent()","pi","",""
"","3322","Hotel Details Page loads successfully @smoke @TC-806","smoke","2026-10-05","passed","2026-10-05","Chrome: PI Smoke Pack","pi","",""
