rate_type,country_code,arrival_date_limit
FX30R,GB,39600
FX30R,IE,39600
FX30R,DE,21600
FX30R,JE,39600
FX30R,GG,39600
FX30R,IM,39600
FX20RU,GB,39600
FX20RU,IE,39600
FX20RU,DE,21600
FX20RU,JE,39600
FX20RU,GG,39600
FX20RU,IM,39600
FX10RU,IE,39600
FX10RU,DE,21600
FX10RU,JE,39600
FX10RU,GG,39600
FX10RU,IM,39600
FX10RU,GB,39600
FX15R,GB,39600
FX15R,IE,39600
FX15R,JE,39600
FX15R,GG,39600
FX15R,DE,21600
FX15R,IM,39600
FX20R,GB,39600
FX20R,IE,39600
FX20R,JE,39600
FX20R,GG,39600
FX20R,IM,39600
FX20R,DE,21600