enable_timestamp,disable_timestamp,channel_id,adults,children,single_room,double_room,twin_room,accessible_room,family_room
,,PI,1,0,true,true,false,true,false
,,PI,1,1,false,false,false,false,true
,,PI,1,2,false,false,false,false,true
,,PI,2,0,false,true,true,true,false
,,PI,2,1,false,false,false,false,true
,,PI,2,2,false,false,false,false,true
,,BB,1,0,true,true,false,true,false
,,BB,1,1,false,false,false,false,true
,,BB,1,2,false,false,false,false,true
,,BB,2,0,false,true,true,true,false
,,BB,2,1,false,false,false,false,true
,,BB,2,2,false,false,false,false,true
,,CCUI,1,0,true,true,true,true,true
,,CCUI,1,1,false,true,true,true,true
,,CCUI,1,2,false,false,false,true,true
,,CCUI,2,0,false,true,true,true,true
,,CCUI,2,1,false,false,false,true,true
,,CCUI,2,2,false,false,false,false,true