enable_timestamp,disable_timestamp,channel_id,adults,children,single_room,double_room,twin_room,accessible_room,family_room,brand
,,PI,1,0,true,true,false,true,false,HUB
,,PI,1,1,false,false,false,false,true,HUB
,,PI,1,2,false,false,false,false,true,HUB
,,PI,2,0,false,true,true,true,false,HUB
,,PI,2,1,false,false,false,false,true,HUB
,,PI,2,2,false,false,false,false,true,HUB
,,BB,1,0,true,true,false,true,false,HUB
,,BB,1,1,false,false,false,false,true,HUB
,,BB,1,2,false,false,false,false,true,HUB
,,BB,2,0,false,true,true,true,false,HUB
,,BB,2,1,false,false,false,false,true,HUB
,,BB,2,2,false,false,false,false,true,HUB
,,CCUI,1,0,true,true,true,true,true,HUB
,,CCUI,1,1,false,true,true,true,true,HUB
,,CCUI,1,2,false,false,false,true,true,HUB
,,CCUI,2,0,false,true,true,true,true,HUB
,,CCUI,2,1,false,false,false,true,true,HUB
,,CCUI,2,2,false,false,false,false,true,HUB
,,DISTR,1,0,true,true,true,true,true,HUB
,,DISTR,1,1,false,true,true,true,true,HUB
,,DISTR,1,2,false,false,false,true,true,HUB
,,DISTR,2,0,false,true,true,true,true,HUB
,,DISTR,2,1,false,false,false,true,true,HUB
,,DISTR,2,2,false,false,false,false,true,HUB