enable_timestamp,disable_timestamp,resource_id,role_id,has_access
2022-08-09 12:30:11.807492,,CC_Role01,AGENT_ROLE,true
2022-08-09 12:30:12.166926,,CC_Role01,MANAGER_ROLE,true
2022-08-09 12:30:12.528960,,CC_Role02,AGENT_ROLE,true
2022-08-09 12:30:12.882017,,CC_Role02,MANAGER_ROLE,true
2022-08-09 12:30:13.243994,,CC_Role03,AGENT_ROLE,true
2022-08-09 12:30:13.599987,,CC_Role03,MANAGER_ROLE,true
2022-08-09 12:30:13.938957,,CC_Role04,AGENT_ROLE,false
2022-08-09 12:30:14.280930,,CC_Role04,MANAGER_ROLE,true
2022-08-09 12:30:14.629633,,CC_Role05,AGENT_ROLE,false
2022-08-09 12:30:14.990407,,CC_Role05,MANAGER_ROLE,true
2022-08-09 12:30:15.331577,,CC_Role06,AGENT_ROLE,true
2022-08-09 12:30:15.696954,,CC_Role06,MANAGER_ROLE,true
2022-08-09 12:30:16.072006,,CC_Role07,AGENT_ROLE,true
2022-08-09 12:30:16.428421,,CC_Role07,MANAGER_ROLE,true
2022-08-09 12:30:16.790954,,CC_Role08,AGENT_ROLE,true
2022-08-09 12:30:17.131014,,CC_Role08,MANAGER_ROLE,true
2022-08-09 12:30:17.475521,,CC_Role09,AGENT_ROLE,false
2022-08-09 12:30:17.841522,,CC_Role09,MANAGER_ROLE,true
2022-08-09 12:30:18.178009,,CC_Role10,AGENT_ROLE,true
2022-08-09 12:30:18.526984,,CC_Role10,MANAGER_ROLE,true
2022-08-09 12:30:18.933981,,CC_Role11,AGENT_ROLE,true
2022-08-09 12:30:19.309706,,CC_Role11,MANAGER_ROLE,true
2022-08-09 12:30:19.658482,,CC_Role12,AGENT_ROLE,true
2022-08-09 12:30:19.998969,,CC_Role12,MANAGER_ROLE,true
2022-08-09 12:30:20.333570,,CC_Role13,AGENT_ROLE,false
2022-08-09 12:30:20.685044,,CC_Role13,MANAGER_ROLE,true
2022-08-09 12:30:21.044592,,CC_Role15,AGENT_ROLE,false
2022-08-09 12:30:21.403993,,CC_Role15,MANAGER_ROLE,true
2022-08-09 12:30:21.746041,,CC_Role16,AGENT_ROLE,true
2022-08-09 12:30:22.092057,,CC_Role16,MANAGER_ROLE,true
2022-08-09 12:30:22.437552,,CC_Role17,AGENT_ROLE,true
2022-08-09 12:30:22.839603,,CC_Role17,MANAGER_ROLE,true
2022-08-09 12:30:23.199994,,CC_Role18,AGENT_ROLE,true
2022-08-09 12:30:23.555817,,CC_Role18,MANAGER_ROLE,true
2022-08-09 12:30:23.895039,,CC_Role19,AGENT_ROLE,true
2022-08-09 12:30:24.240062,,CC_Role19,MANAGER_ROLE,true
2022-08-09 12:30:24.591113,,CC_Role29,AGENT_ROLE,true
2022-08-09 12:30:24.937113,,CC_Role29,MANAGER_ROLE,true
2022-08-09 12:30:25.277502,,CC_Role30,AGENT_ROLE,true
2022-08-09 12:30:25.622522,,CC_Role30,MANAGER_ROLE,true
2022-08-09 12:30:25.970017,,CC_Role31,AGENT_ROLE,true
2022-08-09 12:30:26.319537,,CC_Role31,MANAGER_ROLE,true
2022-08-09 12:30:26.654998,,CC_Role32,AGENT_ROLE,true
2022-08-09 12:30:27.007582,,CC_Role32,MANAGER_ROLE,true
2022-08-09 12:30:27.349524,,CC_Role33,AGENT_ROLE,true
2022-08-09 12:30:27.705598,,CC_Role33,MANAGER_ROLE,true
2022-08-09 12:30:28.065716,,CC_Role34,AGENT_ROLE,true
2022-08-09 12:30:28.452640,,CC_Role34,MANAGER_ROLE,true
2022-08-09 12:30:28.889573,,CC_Role38,AGENT_ROLE,true
2022-08-09 12:30:29.289178,,CC_Role38,MANAGER_ROLE,true
2022-08-09 12:30:29.664598,,CC_Role39,AGENT_ROLE,true
2022-08-09 12:30:30.001039,,CC_Role39,MANAGER_ROLE,true
2022-08-09 12:30:30.353666,,CC_Role40,AGENT_ROLE,true
2022-08-09 12:30:30.716336,,CC_Role40,MANAGER_ROLE,true
2022-08-09 12:30:31.110592,,CC_Role41,AGENT_ROLE,true
2022-08-09 12:30:31.453605,,CC_Role41,MANAGER_ROLE,true
2022-08-09 12:30:31.805579,,CC_Role42,AGENT_ROLE,false
2022-08-09 12:30:32.174640,,CC_Role42,MANAGER_ROLE,true
2022-08-09 12:30:32.549122,,CC_Role43,AGENT_ROLE,false
2022-08-09 12:30:32.906616,,CC_Role43,MANAGER_ROLE,true
2022-08-09 12:30:33.242788,,CC_Role45,AGENT_ROLE,false
2022-08-09 12:30:33.585609,,CC_Role45,MANAGER_ROLE,true
2022-08-09 12:30:33.924588,,CC_Role46,AGENT_ROLE,true
2022-08-09 12:30:34.288104,,CC_Role46,MANAGER_ROLE,true
2022-08-09 12:30:34.632595,,CC_Role47,AGENT_ROLE,false
2022-08-09 12:30:34.969182,,CC_Role47,MANAGER_ROLE,true
2022-08-09 12:30:35.305178,,CC_Role52,AGENT_ROLE,true
2022-08-09 12:30:35.642597,,CC_Role52,MANAGER_ROLE,true
