rule_id,pms_room_type,offer_order,channel
262,FMTRPL,5,PI
266,FMTRSC,6,PI
251,FMTHRE,7,PI
261,FMQUAD,8,PI
252,FMBUNK,9,PI
250,FMFOUR,10,PI
255,LOWTWN,106,PI
256,WETTWN,107,PI
268,BRFTWN,108,PI
267,BRFZPL,109,PI
272,BIGZPL,110,PI
253,ACCWIN,111,PI
254,ACCNWD,112,PI
968,SUIQUA,113,PI
983,VZPDBL,113,PI
734,FMTRPL,5,BB
738,FMTRSC,6,BB
723,FMTHRE,7,BB
733,FMQUAD,8,BB
724,FMBUNK,9,BB
722,FMFOUR,10,BB
727,LOWTWN,106,BB
728,WETTWN,107,BB
740,BRFTWN,108,BB
739,BRFZPL,109,BB
744,BIGZPL,110,BB
725,ACCWIN,111,BB
726,ACCNWD,112,BB
992,SUIQUA,113,BB
1007,VZPDBL,113,BB
