enable_timestamp,disable_timestamp,pms,adults,children,room_type,pms_room_type,offer_order
,,OP,2,0,Accessible,LOWDBL,1
,,OP,1,1,Accessible,LOWDBL,1
,,OP,1,0,Accessible,ACCSGL,1
,,OP,1,0,Accessible,LOWDBL,2
,,OP,2,0,Accessible,LOWTWN,2
,,OP,1,1,Accessible,LOWTWN,2
,,OP,2,0,Accessible,WETDBL,3
,,OP,1,1,Accessible,WETDBL,3
,,OP,1,0,Accessible,LOWTWN,3
,,OP,1,0,Accessible,WETDBL,4
,,OP,2,0,Accessible,WETTWN,4
,,OP,1,1,Accessible,WETTWN,4
,,OP,2,0,Accessible,ACCWIN,5
,,OP,1,1,Accessible,ACCWIN,5
,,OP,1,0,Accessible,WETTWN,5
,,OP,1,0,Accessible,ACCWIN,6
,,OP,2,0,Accessible,ACCNWD,6
,,OP,1,1,Accessible,ACCNWD,6
,,OP,1,0,Accessible,ACCNWD,7
,,OP,2,0,Accessible,BRFDBL,7
,,OP,1,1,Accessible,BRFDBL,7
,,OP,1,0,Accessible,BRFDBL,8
,,OP,2,0,Accessible,BRFZPL,8
,,OP,1,1,Accessible,BRFZPL,8
,,OP,2,0,Accessible,BRFTWN,9
,,OP,1,1,Accessible,BRFTWN,9
,,OP,1,0,Accessible,BRFZPL,9
,,OP,1,0,Accessible,BRFTWN,10
,,OP,2,0,Accessible,EXDLOW,10
,,OP,1,1,Accessible,EXDLOW,10
,,OP,1,0,Accessible,EXDLOW,11
,,OP,2,0,Accessible,EXDWET,11
,,OP,1,1,Accessible,EXDWET,11
,,OP,1,0,Accessible,EXDWET,12
,,OP,2,0,Accessible,PPDLOW,12
,,OP,1,1,Accessible,PPDLOW,12
,,OP,1,0,Accessible,PPDLOW,13
,,OP,2,0,Accessible,PPDWET,13
,,OP,1,1,Accessible,PPDWET,13
,,OP,1,0,Accessible,PPDWET,14
,,OP,2,0,Double,DBLWIN,1
,,OP,2,0,Double,WINCMB,2
,,OP,2,0,Double,NWDCMB,3
,,OP,2,0,Double,WINSPL,4
,,OP,2,0,Double,NWDSPL,5
,,OP,2,0,Double,DOUBLE,6
,,OP,2,0,Double,ZPLDBL,7
,,OP,2,0,Double,FMTHRE,8
,,OP,2,0,Double,FMTRPL,9
,,OP,2,0,Double,FMTRSC,10
,,OP,2,0,Double,FMFOUR,11
,,OP,2,0,Double,DBLDBL,12
,,OP,2,0,Double,FMQUAD,13
,,OP,2,0,Double,FMBUNK,14
,,OP,2,0,Double,DBLNWD,101
,,OP,2,0,Double,EXTDBL,102
,,OP,2,0,Double,EXDZPL,103
,,OP,2,0,Double,PPLDBL,104
,,OP,2,0,Double,PDBZPL,105
,,OP,2,0,Double,PFAMIL,106
,,OP,2,0,Double,LOWDBL,107
,,OP,2,0,Double,WETDBL,108
,,OP,2,0,Double,BRFDBL,109
,,OP,2,0,Double,BRFZPL,110
,,OP,2,0,Double,BIGWIN,111
,,OP,2,0,Double,BIGNWD,112
,,OP,2,0,Double,BIGZPL,113
,,OP,2,0,Double,ACCWIN,114
,,OP,2,0,Double,ACCNWD,115
,,OP,2,0,Double,EXDLOW,116
,,OP,2,0,Double,EXDWET,117
,,OP,2,0,Double,PPDLOW,118
,,OP,2,0,Double,PPDWET,119
,,OP,1,0,Double,DBLWIN,1
,,OP,1,1,Double,WINCMB,1
,,OP,1,0,Double,WINCMB,2
,,OP,1,1,Double,NWDCMB,2
,,OP,1,0,Double,NWDCMB,3
,,OP,1,1,Double,WINSPL,3
,,OP,1,0,Double,WINSPL,4
,,OP,1,1,Double,NWDSPL,4
,,OP,1,0,Double,NWDSPL,5
,,OP,1,1,Double,DBLWIN,5
,,OP,1,0,Double,DOUBLE,6
,,OP,1,1,Double,DOUBLE,6
,,OP,1,0,Double,ZPLDBL,7
,,OP,1,1,Double,ZPLDBL,7
,,OP,1,0,Double,FMTHRE,8
,,OP,1,1,Double,FMTHRE,8
,,OP,1,0,Double,FMTRPL,9
,,OP,1,1,Double,FMTRPL,9
,,OP,1,0,Double,FMTRSC,10
,,OP,1,1,Double,FMTRSC,10
,,OP,1,0,Double,FMFOUR,11
,,OP,1,1,Double,FMFOUR,11
,,OP,1,0,Double,DBLDBL,12
,,OP,1,1,Double,DBLDBL,12
,,OP,1,0,Double,FMQUAD,13
,,OP,1,1,Double,FMQUAD,13
,,OP,1,0,Double,FMBUNK,14
,,OP,1,1,Double,FMBUNK,14
,,OP,1,0,Double,DBLNWD,101
,,OP,1,1,Double,DBLNWD,101
,,OP,1,0,Double,SINGLE,102
,,OP,1,1,Double,BIGWIN,102
,,OP,1,0,Double,TWINRM,103
,,OP,1,1,Double,BIGNWD,103
,,OP,1,0,Double,EXTDBL,104
,,OP,1,1,Double,BIGZPL,104
,,OP,1,0,Double,EXDZPL,105
,,OP,1,1,Double,EXTDBL,105
,,OP,1,0,Double,PPLDBL,106
,,OP,1,1,Double,EXDZPL,106
,,OP,1,0,Double,PDBZPL,107
,,OP,1,1,Double,PPLDBL,107
,,OP,1,0,Double,PFAMIL,108
,,OP,1,1,Double,PDBZPL,108
,,OP,1,0,Double,ACCSGL,109
,,OP,1,1,Double,PFAMIL,109
,,OP,1,0,Double,LOWDBL,110
,,OP,1,1,Double,ACCWIN,110
,,OP,1,0,Double,LOWTWN,111
,,OP,1,1,Double,ACCNWD,111
,,OP,1,0,Double,BIGWIN,112
,,OP,1,1,Double,LOWDBL,112
,,OP,1,0,Double,BIGNWD,113
,,OP,1,1,Double,WETDBL,113
,,OP,1,0,Double,BIGZPL,114
,,OP,1,1,Double,BRFDBL,114
,,OP,1,0,Double,WETDBL,115
,,OP,1,1,Double,BRFZPL,115
,,OP,1,0,Double,WETTWN,116
,,OP,1,1,Double,EXDLOW,116
,,OP,1,0,Double,BRFDBL,117
,,OP,1,1,Double,EXDWET,117
,,OP,1,0,Double,BRFTWN,118
,,OP,1,1,Double,PPDLOW,118
,,OP,1,0,Double,BRFZPL,119
,,OP,1,1,Double,PPDWET,119
,,OP,1,0,Double,ACCWIN,120
,,OP,1,0,Double,ACCNWD,121
,,OP,1,0,Double,EXDLOW,122
,,OP,1,0,Double,EXDWET,123
,,OP,1,0,Double,PPDLOW,124
,,OP,1,0,Double,PPDWET,125
,,OP,2,1,Family,FMQUAD,5
,,OP,1,2,Family,FMQUAD,1
,,OP,2,1,Family,FMTRPL,2
,,OP,1,2,Family,FMTRPL,103
,,OP,2,1,Family,FMFOUR,4
,,OP,1,2,Family,FMFOUR,3
,,OP,2,1,Family,FMTHRE,1
,,OP,1,2,Family,FMTHRE,102
,,OP,2,1,Family,DBLDBL,6
,,OP,1,2,Family,DBLDBL,2
,,OP,2,1,Family,FMBUNK,7
,,OP,1,2,Family,FMBUNK,4
,,OP,2,1,Family,FMTRSC,3
,,OP,1,2,Family,FMTRSC,104
,,OP,2,1,Family,PFAMIL,101
,,OP,1,2,Family,PFAMIL,101
,,OP,2,2,Family,FMQUAD,2
,,OP,2,2,Family,FMFOUR,1
,,OP,2,2,Family,DBLDBL,3
,,OP,2,2,Family,FMBUNK,4
,,OP,2,2,Family,PFAMIL,101
,,OP,1,0,Single,LOWDBL,108
,,OP,1,0,Single,WETDBL,110
,,OP,1,0,Single,ACCWIN,118
,,OP,1,0,Single,ACCNWD,119
,,OP,1,0,Single,DOUBLE,8
,,OP,1,0,Single,BIGWIN,115
,,OP,1,0,Single,BIGNWD,116
,,OP,1,0,Single,ACCSGL,107
,,OP,1,0,Single,LOWTWN,109
,,OP,1,0,Single,WETTWN,111
,,OP,1,0,Single,WINCMB,2
,,OP,1,0,Single,NWDCMB,3
,,OP,1,0,Single,WINSPL,4
,,OP,1,0,Single,NWDSPL,5
,,OP,1,0,Single,DBLWIN,1
,,OP,1,0,Single,DBLNWD,101
,,OP,1,0,Single,EXTDBL,102
,,OP,1,0,Single,FMQUAD,15
,,OP,1,0,Single,PPLDBL,104
,,OP,1,0,Single,SINGLE,6
,,OP,1,0,Single,FMTRPL,11
,,OP,1,0,Single,FMFOUR,13
,,OP,1,0,Single,FMTHRE,10
,,OP,1,0,Single,TWINRM,7
,,OP,1,0,Single,DBLDBL,14
,,OP,1,0,Single,ZPLDBL,9
,,OP,1,0,Single,FMBUNK,16
,,OP,1,0,Single,FMTRSC,12
,,OP,1,0,Single,BRFDBL,112
,,OP,1,0,Single,BRFZPL,114
,,OP,1,0,Single,BRFTWN,113
,,OP,1,0,Single,PDBZPL,105
,,OP,1,0,Single,PFAMIL,106
,,OP,1,0,Single,PPDWET,123
,,OP,1,0,Single,PPDLOW,122
,,OP,1,0,Single,EXDZPL,103
,,OP,1,0,Single,EXDWET,121
,,OP,1,0,Single,EXDLOW,120
,,OP,1,0,Single,BIGZPL,117
,,OP,2,0,Twin,ACCWIN,108
,,OP,2,0,Twin,ACCNWD,109
,,OP,2,0,Twin,LOWTWN,103
,,OP,2,0,Twin,WETTWN,104
,,OP,2,0,Twin,WINCMB,1
,,OP,2,0,Twin,NWDCMB,2
,,OP,2,0,Twin,WINSPL,3
,,OP,2,0,Twin,NWDSPL,4
,,OP,2,0,Twin,FMQUAD,10
,,OP,2,0,Twin,FMTRPL,8
,,OP,2,0,Twin,TWINRM,5
,,OP,2,0,Twin,DBLDBL,7
,,OP,2,0,Twin,ZPLDBL,6
,,OP,2,0,Twin,FMBUNK,11
,,OP,2,0,Twin,FMTRSC,9
,,OP,2,0,Twin,BRFZPL,106
,,OP,2,0,Twin,BRFTWN,105
,,OP,2,0,Twin,PDBZPL,101
,,OP,2,0,Twin,PFAMIL,102
,,OP,2,0,Twin,EXDZPL,100
,,OP,2,0,Twin,BIGZPL,107