rule_id,enable_timestamp,disable_timestamp,pms,adults,children,room_type,pms_room_type,offer_order
227,,,OP,1,1,TWIN,FMFOUR,13
228,,,OP,1,1,TWIN,FMTHRE,10
229,,,OP,1,1,TWIN,FMBUNK,12
230,,,OP,1,1,TWIN,ACCWIN,108
231,,,OP,1,1,TWIN,ACCNWD,109
232,,,OP,1,1,TWIN,LOWTWN,103
233,,,OP,1,1,TWIN,WETTWN,104
234,,,OP,1,1,TWIN,WINCMB,1
235,,,OP,1,1,TWIN,NWDCMB,2
236,,,OP,1,1,TWIN,WINSPL,3
237,,,OP,1,1,TWIN,NWDSPL,4
238,,,OP,1,1,TWIN,FMQUAD,11
239,,,OP,1,1,TWIN,FMTRPL,8
240,,,OP,1,1,TWIN,TWINRM,5
241,,,OP,1,1,TWIN,DBLDBL,7
242,,,OP,1,1,TWIN,ZPLDBL,6
243,,,OP,1,1,TWIN,FMTRSC,9
244,,,OP,1,1,TWIN,BRFZPL,106
245,,,OP,1,1,TWIN,BRFTWN,105
246,,,OP,1,1,TWIN,PDBZPL,101
247,,,OP,1,1,TWIN,PFAMIL,102
248,,,OP,1,1,TWIN,EXDZPL,100
249,,,OP,1,1,TWIN,BIGZPL,107
250,,,OP,1,1,FAM,FMFOUR,13
251,,,OP,1,1,FAM,FMTHRE,10
252,,,OP,1,1,FAM,FMBUNK,12
253,,,OP,1,1,FAM,ACCWIN,108
254,,,OP,1,1,FAM,ACCNWD,109
255,,,OP,1,1,FAM,LOWTWN,103
256,,,OP,1,1,FAM,WETTWN,104
257,,,OP,1,1,FAM,WINCMB,1
258,,,OP,1,1,FAM,NWDCMB,2
259,,,OP,1,1,FAM,WINSPL,3
260,,,OP,1,1,FAM,NWDSPL,4
261,,,OP,1,1,FAM,FMQUAD,11
262,,,OP,1,1,FAM,FMTRPL,8
263,,,OP,1,1,FAM,TWINRM,5
264,,,OP,1,1,FAM,DBLDBL,7
265,,,OP,1,1,FAM,ZPLDBL,6
266,,,OP,1,1,FAM,FMTRSC,9
267,,,OP,1,1,FAM,BRFZPL,106
268,,,OP,1,1,FAM,BRFTWN,105
269,,,OP,1,1,FAM,PDBZPL,101
270,,,OP,1,1,FAM,PFAMIL,102
271,,,OP,1,1,FAM,EXDZPL,100
272,,,OP,1,1,FAM,BIGZPL,107